"Pais_raw","year","inmig","Pais"
"TOTAL EXTRANJEROS","2016",4618581,"total extranjeros"
"EUROPA","2016",2101472,"europa"
"UNION EUROPEA","2016",1844592,"union europea"
"UE(15)","2016",886531,"ue(15)"
"UE(25)","2016",991213,"ue(25)"
"UE(27)","2016",1842626,"ue(27)"
"UE(28)","2016",1844592,"ue(28)"
"Alemania","2016",119820,"alemania"
"Austria","2016",7562,"austria"
"Bélgica","2016",29205,"balgica"
"Bulgaria","2016",133951,"bulgaria"
"Chipre","2016",265,"chipre"
"Croacia","2016",1966,"croacia"
"Dinamarca","2016",9775,"dinamarca"
"Eslovenia","2016",1333,"eslovenia"
"Estonia","2016",2238,"estonia"
"Finlandia","2016",11108,"finlandia"
"Francia","2016",97587,"francia"
"Grecia","2016",4084,"grecia"
"Hungría","2016",9258,"hungraa"
"Irlanda","2016",14533,"irlanda"
"Italia","2016",182269,"italia"
"Letonia","2016",4459,"letonia"
"Lituania","2016",16142,"lituania"
"Luxemburgo","2016",538,"luxemburgo"
"Malta","2016",213,"malta"
"Países Bajos","2016",43984,"paases bajos"
"Polonia","2016",57234,"polonia"
"Portugal","2016",91371,"portugal"
"Reino Unido","2016",256501,"reino unido"
"República Checa","2016",7390,"repablica checa"
"República Eslovaca","2016",6150,"repablica eslovaca"
"Rumanía","2016",717462,"rumanaa"
"Suecia","2016",18194,"suecia"
"EUROPA NO UE(28)","2016",256880,"europa no ue(28)"
"Albania","2016",2009,"albania"
"Andorra","2016",1034,"andorra"
"Armenia","2016",11991,"armenia"
"Belarús","2016",4412,"belaras"
"Bosnia y Herzegovina","2016",1159,"bosnia y herzegovina"
"Georgia","2016",12649,"georgia"
"Islandia","2016",1066,"islandia"
"Liechtenstein","2016",41,"liechtenstein"
"Macedonia","2016",598,"macedonia"
"Moldavia","2016",17723,"moldavia"
"Noruega","2016",14683,"noruega"
"Rusia","2016",70927,"rusia"
"Serbia y Montenegro (Antigua Yugoslavia)","2016",0,"serbia y montenegro (antigua yugoslavia)"
"Serbia","2016",3184,"serbia"
"Suiza","2016",12653,"suiza"
"Turquía","2016",3414,"turquia"
"Ucrania","2016",99060,"ucrania"
"Resto de Nacionalidades Europeas","2016",277,"resto de nacionalidades europeas"
"ÁFRICA","2016",1048129,"africa"
"Angola","2016",1634,"angola"
"Argelia","2016",62173,"argelia"
"Benin","2016",343,"benin"
"Burkina Faso","2016",1226,"burkina faso"
"Cabo Verde","2016",2767,"cabo verde"
"Camerún","2016",5788,"cameran"
"Congo","2016",1551,"congo"
"Costa De Marfil","2016",2918,"costa de marfil"
"Egipto","2016",3629,"egipto"
"Etiopía","2016",653,"etiopaa"
"Gambia","2016",19232,"gambia"
"Ghana","2016",15862,"ghana"
"Guinea","2016",10525,"guinea"
"Guinea Ecuatorial","2016",12410,"guinea ecuatorial"
"Guinea-Bissau","2016",4659,"guinea-bissau"
"Kenia","2016",1103,"kenia"
"Liberia","2016",256,"liberia"
"Mali","2016",23315,"mali"
"Marruecos","2016",755459,"marruecos"
"Mauritania","2016",8741,"mauritania"
"Nigeria","2016",41590,"nigeria"
"República Democrática del Congo","2016",1005,"repablica democratica del congo"
"Senegal","2016",62716,"senegal"
"Sierra Leona","2016",717,"sierra leona"
"Sudáfrica","2016",1056,"sudafrica"
"Togo","2016",427,"togo"
"Túnez","2016",1942,"tunez"
"Resto de Africa","2016",4432,"resto de africa"
"AMÉRICA","2016",1064608,"amarica"
"AMÉRICA CENTRAL Y CARIBE","2016",206967,"amarica central y caribe"
"Costa Rica","2016",2040,"costa rica"
"Cuba","2016",46230,"cuba"
"Dominica","2016",555,"dominica"
"El Salvador","2016",8237,"el salvador"
"Guatemala","2016",3498,"guatemala"
"Honduras","2016",49341,"honduras"
"Nicaragua","2016",22528,"nicaragua"
"Panamá","2016",1932,"panama"
"República Dominicana","2016",71971,"dominicana, rep."
"Resto de América Central y Caribe","2016",635,"resto de amarica central y caribe"
"AMÉRICA DEL NORTE","2016",57661,"amarica del norte"
"Canadá","2016",3772,"canada"
"Estados Unidos de América","2016",31557,"estados unidos de amarica"
"México","2016",22332,"maxico"
"AMÉRICA DEL SUR","2016",799980,"amarica del sur"
"Argentina","2016",71855,"argentina"
"Bolivia","2016",115575,"bolivia"
"Brasil","2016",73398,"brasil"
"Chile","2016",25407,"chile"
"Colombia","2016",140527,"colombia"
"Ecuador","2016",158285,"ecuador"
"Paraguay","2016",69286,"paraguay"
"Perú","2016",65201,"per/"
"Uruguay","2016",26009,"uruguay"
"Venezuela","2016",54401,"venezuela"
"Resto de América del Sur","2016",36,"resto de amarica del sur"
"ASIA","2016",400540,"asia"
"Arabia Saudí","2016",707,"arabia sauda"
"Bangladesh","2016",13387,"bangladesh"
"China","2016",200147,"china"
"Corea","2016",3689,"corea"
"Filipinas","2016",31447,"filipinas"
"India","2016",38423,"india"
"Indonesia","2016",1454,"indonesia"
"Irán","2016",3533,"iran"
"Iraq","2016",1170,"iraq"
"Israel","2016",1867,"israel"
"Japón","2016",5779,"japan"
"Jordania","2016",1210,"jordania"
"Kazajstán","2016",1770,"kazajstan"
"Líbano","2016",1668,"libano"
"Nepal","2016",3406,"nepal"
"Pakistán","2016",78323,"pakistan"
"Siria","2016",4257,"siria"
"Tailandia","2016",1717,"tailandia"
"Vietnam","2016",970,"vietnam"
"Resto de Asia","2016",5616,"resto de asia"
"OCEANÍA","2016",2908,"oceanaa"
"Australia","2016",2146,"australia"
"Nueva Zelanda","2016",611,"nueva zelanda"
"Resto de Oceanía","2016",151,"resto de oceanaa"
"APÁTRIDAS","2016",924,"apatridas"
"TOTAL EXTRANJEROS","2015",4729644,"total extranjeros"
"EUROPA","2015",2193758,"europa"
"UNION EUROPEA","2015",1947110,"union europea"
"UE(15)","2015",937153,"ue(15)"
"UE(25)","2015",1050592,"ue(25)"
"UE(27)","2015",1945188,"ue(27)"
"UE(28)","2015",1947110,"ue(28)"
"Alemania","2015",130911,"alemania"
"Austria","2015",8317,"austria"
"Bélgica","2015",29713,"balgica"
"Bulgaria","2015",142328,"bulgaria"
"Chipre","2015",239,"chipre"
"Croacia","2015",1922,"croacia"
"Dinamarca","2015",10378,"dinamarca"
"Eslovenia","2015",1327,"eslovenia"
"Estonia","2015",2134,"estonia"
"Finlandia","2015",11593,"finlandia"
"Francia","2015",99598,"francia"
"Grecia","2015",4071,"grecia"
"Hungría","2015",9480,"hungraa"
"Irlanda","2015",15429,"irlanda"
"Italia","2015",179363,"italia"
"Letonia","2015",4528,"letonia"
"Lituania","2015",17692,"lituania"
"Luxemburgo","2015",542,"luxemburgo"
"Malta","2015",226,"malta"
"Países Bajos","2015",45844,"paases bajos"
"Polonia","2015",63324,"polonia"
"Portugal","2015",98751,"portugal"
"Reino Unido","2015",283243,"reino unido"
"República Checa","2015",7831,"repablica checa"
"República Eslovaca","2015",6658,"repablica eslovaca"
"Rumanía","2015",752268,"rumanaa"
"Suecia","2015",19400,"suecia"
"EUROPA NO UE(28)","2015",246648,"europa no ue(28)"
"Albania","2015",1864,"albania"
"Andorra","2015",1040,"andorra"
"Armenia","2015",11799,"armenia"
"Belarús","2015",4217,"belaras"
"Bosnia y Herzegovina","2015",1194,"bosnia y herzegovina"
"Georgia","2015",11933,"georgia"
"Islandia","2015",1083,"islandia"
"Liechtenstein","2015",46,"liechtenstein"
"Macedonia","2015",564,"macedonia"
"Moldavia","2015",17263,"moldavia"
"Noruega","2015",16322,"noruega"
"Rusia","2015",68387,"rusia"
"Serbia y Montenegro (Antigua Yugoslavia)","2015",0,"serbia y montenegro (antigua yugoslavia)"
"Serbia","2015",3120,"serbia"
"Suiza","2015",13338,"suiza"
"Turquía","2015",3214,"turquia"
"Ucrania","2015",91004,"ucrania"
"Resto de Nacionalidades Europeas","2015",260,"resto de nacionalidades europeas"
"ÁFRICA","2015",1043237,"africa"
"Angola","2015",1718,"angola"
"Argelia","2015",62398,"argelia"
"Benin","2015",338,"benin"
"Burkina Faso","2015",1191,"burkina faso"
"Cabo Verde","2015",2819,"cabo verde"
"Camerún","2015",5800,"cameran"
"Congo","2015",1631,"congo"
"Costa De Marfil","2015",2910,"costa de marfil"
"Egipto","2015",3475,"egipto"
"Etiopía","2015",686,"etiopaa"
"Gambia","2015",19545,"gambia"
"Ghana","2015",15751,"ghana"
"Guinea","2015",10756,"guinea"
"Guinea Ecuatorial","2015",12118,"guinea ecuatorial"
"Guinea-Bissau","2015",4715,"guinea-bissau"
"Kenia","2015",1098,"kenia"
"Liberia","2015",280,"liberia"
"Mali","2015",22793,"mali"
"Marruecos","2015",750883,"marruecos"
"Mauritania","2015",8939,"mauritania"
"Nigeria","2015",42653,"nigeria"
"República Democrática del Congo","2015",1087,"repablica democratica del congo"
"Senegal","2015",61798,"senegal"
"Sierra Leona","2015",741,"sierra leona"
"Sudáfrica","2015",1019,"sudafrica"
"Togo","2015",422,"togo"
"Túnez","2015",1898,"tunez"
"Resto de Africa","2015",3775,"resto de africa"
"AMÉRICA","2015",1103476,"amarica"
"AMÉRICA CENTRAL Y CARIBE","2015",201623,"amarica central y caribe"
"Costa Rica","2015",1874,"costa rica"
"Cuba","2015",46397,"cuba"
"Dominica","2015",558,"dominica"
"El Salvador","2015",7277,"el salvador"
"Guatemala","2015",3485,"guatemala"
"Honduras","2015",43283,"honduras"
"Nicaragua","2015",20941,"nicaragua"
"Panamá","2015",1860,"panama"
"República Dominicana","2015",75315,"dominicana, rep."
"Resto de América Central y Caribe","2015",633,"resto de amarica central y caribe"
"AMÉRICA DEL NORTE","2015",55378,"amarica del norte"
"Canadá","2015",3538,"canada"
"Estados Unidos de América","2015",30183,"estados unidos de amarica"
"México","2015",21657,"maxico"
"AMÉRICA DEL SUR","2015",846475,"amarica del sur"
"Argentina","2015",75313,"argentina"
"Bolivia","2015",126375,"bolivia"
"Brasil","2015",73863,"brasil"
"Chile","2015",26793,"chile"
"Colombia","2015",151258,"colombia"
"Ecuador","2015",176397,"ecuador"
"Paraguay","2015",69451,"paraguay"
"Perú","2015",71112,"peru"
"Uruguay","2015",27457,"uruguay"
"Venezuela","2015",48421,"venezuela"
"Resto de América del Sur","2015",35,"resto de amarica del sur"
"ASIA","2015",385655,"asia"
"Arabia Saudí","2015",699,"arabia sauda"
"Bangladesh","2015",12833,"bangladesh"
"China","2015",191638,"china"
"Corea","2015",3560,"corea"
"Filipinas","2015",30329,"filipinas"
"India","2015",36724,"india"
"Indonesia","2015",1377,"indonesia"
"Irán","2015",3277,"iran"
"Iraq","2015",1080,"iraq"
"Israel","2015",1777,"israel"
"Japón","2015",5674,"japan"
"Jordania","2015",1160,"jordania"
"Kazajstán","2015",1527,"kazajstan"
"Líbano","2015",1575,"libano"
"Nepal","2015",3264,"nepal"
"Pakistán","2015",77695,"pakistan"
"Siria","2015",3820,"siria"
"Tailandia","2015",1678,"tailandia"
"Vietnam","2015",834,"vietnam"
"Resto de Asia","2015",5134,"resto de asia"
"OCEANÍA","2015",2740,"oceanaa"
"Australia","2015",1975,"australia"
"Nueva Zelanda","2015",604,"nueva zelanda"
"Resto de Oceanía","2015",161,"resto de oceanaa"
"APÁTRIDAS","2015",778,"apatridas"
"TOTAL EXTRANJEROS","2014",5023487,"total extranjeros"
"EUROPA","2014",2299165,"europa"
"UNION EUROPEA","2014",2056903,"union europea"
"UE(15)","2014",984698,"ue(15)"
"UE(25)","2014",1106425,"ue(25)"
"UE(27)","2014",2055058,"ue(27)"
"UE(28)","2014",2056903,"ue(28)"
"Alemania","2014",140511,"alemania"
"Austria","2014",8863,"austria"
"Bélgica","2014",30284,"balgica"
"Bulgaria","2014",151579,"bulgaria"
"Chipre","2014",217,"chipre"
"Croacia","2014",1845,"croacia"
"Dinamarca","2014",10736,"dinamarca"
"Eslovenia","2014",1347,"eslovenia"
"Estonia","2014",2028,"estonia"
"Finlandia","2014",11649,"finlandia"
"Francia","2014",103552,"francia"
"Grecia","2014",4217,"grecia"
"Hungría","2014",9528,"hungraa"
"Irlanda","2014",15858,"irlanda"
"Italia","2014",180999,"italia"
"Letonia","2014",4555,"letonia"
"Lituania","2014",18832,"lituania"
"Luxemburgo","2014",552,"luxemburgo"
"Malta","2014",244,"malta"
"Países Bajos","2014",47269,"paases bajos"
"Polonia","2014",69471,"polonia"
"Portugal","2014",109708,"portugal"
"Reino Unido","2014",300286,"reino unido"
"República Checa","2014",8277,"repablica checa"
"República Eslovaca","2014",7228,"repablica eslovaca"
"Rumanía","2014",797054,"rumanaa"
"Suecia","2014",20214,"suecia"
"EUROPA NO UE(28)","2014",242262,"europa no ue(28)"
"Albania","2014",1917,"albania"
"Andorra","2014",1066,"andorra"
"Armenia","2014",11866,"armenia"
"Belarús","2014",4101,"belaras"
"Bosnia y Herzegovina","2014",1288,"bosnia y herzegovina"
"Georgia","2014",11664,"georgia"
"Islandia","2014",1120,"islandia"
"Liechtenstein","2014",44,"liechtenstein"
"Macedonia","2014",584,"macedonia"
"Moldavia","2014",17438,"moldavia"
"Noruega","2014",16794,"noruega"
"Rusia","2014",65034,"rusia"
"Serbia y Montenegro (Antigua Yugoslavia)","2014",0,"serbia y montenegro (antigua yugoslavia)"
"Serbia","2014",3157,"serbia"
"Suiza","2014",14134,"suiza"
"Turquía","2014",3239,"turquia"
"Ucrania","2014",88594,"ucrania"
"Resto de Nacionalidades Europeas","2014",222,"resto de nacionalidades europeas"
"ÁFRICA","2014",1076164,"africa"
"Angola","2014",1828,"angola"
"Argelia","2014",63525,"argelia"
"Benin","2014",360,"benin"
"Burkina Faso","2014",1255,"burkina faso"
"Cabo Verde","2014",2964,"cabo verde"
"Camerún","2014",6106,"cameran"
"Congo","2014",1812,"congo"
"Costa De Marfil","2014",3039,"costa de marfil"
"Egipto","2014",3422,"egipto"
"Etiopía","2014",789,"etiopaa"
"Gambia","2014",20669,"gambia"
"Ghana","2014",16405,"ghana"
"Guinea","2014",11411,"guinea"
"Guinea Ecuatorial","2014",12695,"guinea ecuatorial"
"Guinea-Bissau","2014",4892,"guinea-bissau"
"Kenia","2014",1086,"kenia"
"Liberia","2014",320,"liberia"
"Mali","2014",23181,"mali"
"Marruecos","2014",774383,"marruecos"
"Mauritania","2014",9694,"mauritania"
"Nigeria","2014",44734,"nigeria"
"República Democrática del Congo","2014",1162,"repablica democratica del congo"
"Senegal","2014",62705,"senegal"
"Sierra Leona","2014",818,"sierra leona"
"Sudáfrica","2014",1028,"sudafrica"
"Togo","2014",442,"togo"
"Túnez","2014",1978,"tunez"
"Resto de Africa","2014",3461,"resto de africa"
"AMÉRICA","2014",1263030,"amarica"
"AMÉRICA CENTRAL Y CARIBE","2014",211571,"amarica central y caribe"
"Costa Rica","2014",1926,"costa rica"
"Cuba","2014",50406,"cuba"
"Dominica","2014",617,"dominica"
"El Salvador","2014",7058,"el salvador"
"Guatemala","2014",3772,"guatemala"
"Honduras","2014",40608,"honduras"
"Nicaragua","2014",19807,"nicaragua"
"Panamá","2014",1986,"panama"
"República Dominicana","2014",84689,"dominicana, rep."
"Resto de América Central y Caribe","2014",702,"resto de amarica central y caribe"
"AMÉRICA DEL NORTE","2014",56177,"amarica del norte"
"Canadá","2014",3337,"canada"
"Estados Unidos de América","2014",29371,"estados unidos de amarica"
"México","2014",23469,"maxico"
"AMÉRICA DEL SUR","2014",995282,"amarica del sur"
"Argentina","2014",85803,"argentina"
"Bolivia","2014",150703,"bolivia"
"Brasil","2014",81132,"brasil"
"Chile","2014",30759,"chile"
"Colombia","2014",181875,"colombia"
"Ecuador","2014",218883,"ecuador"
"Paraguay","2014",74910,"paraguay"
"Perú","2014",90312,"peru"
"Uruguay","2014",31146,"uruguay"
"Venezuela","2014",49717,"venezuela"
"Resto de América del Sur","2014",42,"resto de amarica del sur"
"ASIA","2014",381819,"asia"
"Arabia Saudí","2014",599,"arabia sauda"
"Bangladesh","2014",13547,"bangladesh"
"China","2014",186031,"china"
"Corea","2014",3592,"corea"
"Filipinas","2014",31025,"filipinas"
"India","2014",36570,"india"
"Indonesia","2014",1336,"indonesia"
"Irán","2014",3329,"iran"
"Iraq","2014",1020,"iraq"
"Israel","2014",1840,"israel"
"Japón","2014",5665,"japan"
"Jordania","2014",1171,"jordania"
"Kazajstán","2014",1318,"kazajstan"
"Líbano","2014",1511,"libano"
"Nepal","2014",3124,"nepal"
"Pakistán","2014",79619,"pakistan"
"Siria","2014",3321,"siria"
"Tailandia","2014",1599,"tailandia"
"Vietnam","2014",729,"vietnam"
"Resto de Asia","2014",4873,"resto de asia"
"OCEANÍA","2014",2701,"oceanaa"
"Australia","2014",1913,"australia"
"Nueva Zelanda","2014",650,"nueva zelanda"
"Resto de Oceanía","2014",138,"resto de oceanaa"
"APÁTRIDAS","2014",608,"apatridas"
"TOTAL EXTRANJEROS","2013",5546238,"total extranjeros"
"EUROPA","2013",2608128,"europa"
"UNION EUROPEA","2013",2359371,"union europea"
"UE(15)","2013",1183725,"ue(15)"
"UE(25)","2013",1320116,"ue(25)"
"UE(27)","2013",2359371,"ue(27)"
"UE(28)","2013",2360978,"ue(28)"
"Alemania","2013",181900,"alemania"
"Austria","2013",10501,"austria"
"Bélgica","2013",35987,"balgica"
"Bulgaria","2013",168997,"bulgaria"
"Chipre","2013",227,"chipre"
"Croacia","2013",1607,"croacia"
"Dinamarca","2013",12834,"dinamarca"
"Eslovenia","2013",1437,"eslovenia"
"Estonia","2013",1998,"estonia"
"Finlandia","2013",13924,"finlandia"
"Francia","2013",117829,"francia"
"Grecia","2013",4722,"grecia"
"Hungría","2013",10046,"hungraa"
"Irlanda","2013",19028,"irlanda"
"Italia","2013",192431,"italia"
"Letonia","2013",4595,"letonia"
"Lituania","2013",21401,"lituania"
"Luxemburgo","2013",677,"luxemburgo"
"Malta","2013",281,"malta"
"Países Bajos","2013",54183,"paases bajos"
"Polonia","2013",79009,"polonia"
"Portugal","2013",129079,"portugal"
"Reino Unido","2013",385179,"reino unido"
"República Checa","2013",9250,"repablica checa"
"República Eslovaca","2013",8147,"repablica eslovaca"
"Rumanía","2013",870258,"rumanaa"
"Suecia","2013",25451,"suecia"
"EUROPA NO UE(28)","2013",247150,"europa no ue(28)"
"Albania","2013",1932,"albania"
"Andorra","2013",1126,"andorra"
"Armenia","2013",12028,"armenia"
"Belarús","2013",3977,"belaras"
"Bosnia y Herzegovina","2013",1388,"bosnia y herzegovina"
"Georgia","2013",11727,"georgia"
"Islandia","2013",1420,"islandia"
"Liechtenstein","2013",51,"liechtenstein"
"Macedonia","2013",603,"macedonia"
"Moldavia","2013",17761,"moldavia"
"Noruega","2013",20232,"noruega"
"Rusia","2013",61513,"rusia"
"Serbia y Montenegro (Antigua Yugoslavia)","2013",0,"serbia y montenegro (antigua yugoslavia)"
"Serbia","2013",3293,"serbia"
"Suiza","2013",17301,"suiza"
"Turquía","2013",3215,"turquia"
"Ucrania","2013",89351,"ucrania"
"Resto de Nacionalidades Europeas","2013",232,"resto de nacionalidades europeas"
"ÁFRICA","2013",1103534,"africa"
"Angola","2013",1944,"angola"
"Argelia","2013",64038,"argelia"
"Benin","2013",387,"benin"
"Burkina Faso","2013",1299,"burkina faso"
"Cabo Verde","2013",3098,"cabo verde"
"Camerún","2013",6250,"cameran"
"Congo","2013",2031,"congo"
"Costa De Marfil","2013",3173,"costa de marfil"
"Egipto","2013",3410,"egipto"
"Etiopía","2013",858,"etiopaa"
"Gambia","2013",21665,"gambia"
"Ghana","2013",16837,"ghana"
"Guinea","2013",12105,"guinea"
"Guinea Ecuatorial","2013",13446,"guinea ecuatorial"
"Guinea-Bissau","2013",5304,"guinea-bissau"
"Kenia","2013",1094,"kenia"
"Liberia","2013",366,"liberia"
"Mali","2013",23942,"mali"
"Marruecos","2013",792158,"marruecos"
"Mauritania","2013",10691,"mauritania"
"Nigeria","2013",46231,"nigeria"
"República Democrática del Congo","2013",1249,"repablica democratica del congo"
"Senegal","2013",64165,"senegal"
"Sierra Leona","2013",888,"sierra leona"
"Sudáfrica","2013",1022,"sudafrica"
"Togo","2013",463,"togo"
"Túnez","2013",2057,"tunez"
"Resto de Africa","2013",3363,"resto de africa"
"AMÉRICA","2013",1452783,"amarica"
"AMÉRICA CENTRAL Y CARIBE","2013",223926,"amarica central y caribe"
"Costa Rica","2013",2042,"costa rica"
"Cuba","2013",54707,"cuba"
"Dominica","2013",691,"dominica"
"El Salvador","2013",7248,"el salvador"
"Guatemala","2013",4150,"guatemala"
"Honduras","2013",39599,"honduras"
"Nicaragua","2013",19610,"nicaragua"
"Panamá","2013",2188,"panama"
"República Dominicana","2013",92981,"dominicana, rep."
"Resto de América Central y Caribe","2013",710,"resto de amarica central y caribe"
"AMÉRICA DEL NORTE","2013",57720,"amarica del norte"
"Canadá","2013",3342,"canada"
"Estados Unidos de América","2013",28743,"estados unidos de amarica"
"México","2013",25635,"maxico"
"AMÉRICA DEL SUR","2013",1171137,"amarica del sur"
"Argentina","2013",98351,"argentina"
"Bolivia","2013",173702,"bolivia"
"Brasil","2013",91828,"brasil"
"Chile","2013",35734,"chile"
"Colombia","2013",222542,"colombia"
"Ecuador","2013",263498,"ecuador"
"Paraguay","2013",83386,"paraguay"
"Perú","2013",110156,"peru"
"Uruguay","2013",35552,"uruguay"
"Venezuela","2013",56338,"venezuela"
"Resto de América del Sur","2013",50,"resto de amarica del sur"
"ASIA","2013",378537,"asia"
"Arabia Saudí","2013",516,"arabia sauda"
"Bangladesh","2013",13886,"bangladesh"
"China","2013",181701,"china"
"Corea","2013",3527,"corea"
"Filipinas","2013",31097,"filipinas"
"India","2013",36598,"india"
"Indonesia","2013",1361,"indonesia"
"Irán","2013",3301,"iran"
"Iraq","2013",1025,"iraq"
"Israel","2013",1914,"israel"
"Japón","2013",5635,"japan"
"Jordania","2013",1224,"jordania"
"Kazajstán","2013",1182,"kazajstan"
"Líbano","2013",1437,"libano"
"Nepal","2013",2848,"nepal"
"Pakistán","2013",81365,"pakistan"
"Siria","2013",2816,"siria"
"Tailandia","2013",1547,"tailandia"
"Vietnam","2013",719,"vietnam"
"Resto de Asia","2013",4838,"resto de asia"
"OCEANÍA","2013",2699,"oceanaa"
"Australia","2013",1923,"australia"
"Nueva Zelanda","2013",638,"nueva zelanda"
"Resto de Oceanía","2013",138,"resto de oceanaa"
"APÁTRIDAS","2013",557,"apatridas"
"TOTAL EXTRANJEROS","2012",5736258,"total extranjeros"
"EUROPA","2012",2689150,"europa"
"UNION EUROPEA","2012",2443617,"union europea"
"UE(15)","2012",1227198,"ue(15)"
"UE(25)","2012",1370003,"ue(25)"
"UE(27)","2012",2443617,"ue(27)"
"UE(28)","2012",2445242,"ue(28)"
"Alemania","2012",196878,"alemania"
"Austria","2012",11120,"austria"
"Bélgica","2012",36548,"balgica"
"Bulgaria","2012",176411,"bulgaria"
"Chipre","2012",233,"chipre"
"Croacia","2012",1625,"croacia"
"Dinamarca","2012",13365,"dinamarca"
"Eslovenia","2012",1410,"eslovenia"
"Estonia","2012",1822,"estonia"
"Finlandia","2012",13716,"finlandia"
"Francia","2012",121637,"francia"
"Grecia","2012",4773,"grecia"
"Hungría","2012",9642,"hungraa"
"Irlanda","2012",18875,"irlanda"
"Italia","2012",191901,"italia"
"Letonia","2012",4260,"letonia"
"Lituania","2012",22862,"lituania"
"Luxemburgo","2012",695,"luxemburgo"
"Malta","2012",279,"malta"
"Países Bajos","2012",55445,"paases bajos"
"Polonia","2012",84281,"polonia"
"Portugal","2012",138682,"portugal"
"Reino Unido","2012",397892,"reino unido"
"República Checa","2012",9576,"repablica checa"
"República Eslovaca","2012",8440,"repablica eslovaca"
"Rumanía","2012",897203,"rumanaa"
"Suecia","2012",25671,"suecia"
"EUROPA NO UE(28)","2012",243908,"europa no ue(28)"
"Albania","2012",1906,"albania"
"Andorra","2012",1120,"andorra"
"Armenia","2012",11852,"armenia"
"Belarús","2012",3906,"belaras"
"Bosnia y Herzegovina","2012",1400,"bosnia y herzegovina"
"Georgia","2012",11629,"georgia"
"Islandia","2012",1427,"islandia"
"Liechtenstein","2012",52,"liechtenstein"
"Macedonia","2012",620,"macedonia"
"Moldavia","2012",17853,"moldavia"
"Noruega","2012",20597,"noruega"
"Rusia","2012",57644,"rusia"
"Serbia y Montenegro (Antigua Yugoslavia)","2012",0,"serbia y montenegro (antigua yugoslavia)"
"Serbia","2012",3331,"serbia"
"Suiza","2012",18325,"suiza"
"Turquía","2012",3044,"turquia"
"Ucrania","2012",88966,"ucrania"
"Resto de Nacionalidades Europeas","2012",236,"resto de nacionalidades europeas"
"ÁFRICA","2012",1102329,"africa"
"Angola","2012",1989,"angola"
"Argelia","2012",62912,"argelia"
"Benin","2012",379,"benin"
"Burkina Faso","2012",1281,"burkina faso"
"Cabo Verde","2012",3249,"cabo verde"
"Camerún","2012",6360,"cameran"
"Congo","2012",2138,"congo"
"Costa De Marfil","2012",3192,"costa de marfil"
"Egipto","2012",3298,"egipto"
"Etiopía","2012",915,"etiopaa"
"Gambia","2012",21984,"gambia"
"Ghana","2012",16971,"ghana"
"Guinea","2012",12417,"guinea"
"Guinea Ecuatorial","2012",14374,"guinea ecuatorial"
"Guinea-Bissau","2012",5398,"guinea-bissau"
"Kenia","2012",1072,"kenia"
"Liberia","2012",408,"liberia"
"Mali","2012",24634,"mali"
"Marruecos","2012",788563,"marruecos"
"Mauritania","2012",11510,"mauritania"
"Nigeria","2012",46296,"nigeria"
"República Democrática del Congo","2012",1294,"repablica democratica del congo"
"Senegal","2012",63963,"senegal"
"Sierra Leona","2012",905,"sierra leona"
"Sudáfrica","2012",969,"sudafrica"
"Togo","2012",462,"togo"
"Túnez","2012",2061,"tunez"
"Resto de Africa","2012",3335,"resto de africa"
"AMÉRICA","2012",1573055,"amarica"
"AMÉRICA CENTRAL Y CARIBE","2012",218224,"amarica central y caribe"
"Costa Rica","2012",2026,"costa rica"
"Cuba","2012",54958,"cuba"
"Dominica","2012",691,"dominica"
"El Salvador","2012",6995,"el salvador"
"Guatemala","2012",4368,"guatemala"
"Honduras","2012",36016,"honduras"
"Nicaragua","2012",17455,"nicaragua"
"Panamá","2012",2213,"panama"
"República Dominicana","2012",92846,"dominicana, rep."
"Resto de América Central y Caribe","2012",656,"resto de amarica central y caribe"
"AMÉRICA DEL NORTE","2012",56642,"amarica del norte"
"Canadá","2012",3219,"canada"
"Estados Unidos de América","2012",27856,"estados unidos de amarica"
"México","2012",25567,"maxico"
"AMÉRICA DEL SUR","2012",1298189,"amarica del sur"
"Argentina","2012",109258,"argentina"
"Bolivia","2012",186018,"bolivia"
"Brasil","2012",99870,"brasil"
"Chile","2012",39204,"chile"
"Colombia","2012",246345,"colombia"
"Ecuador","2012",308174,"ecuador"
"Paraguay","2012",88327,"paraguay"
"Perú","2012",122643,"peru"
"Uruguay","2012",38980,"uruguay"
"Venezuela","2012",59322,"venezuela"
"Resto de América del Sur","2012",48,"resto de amarica del sur"
"ASIA","2012",368571,"asia"
"Arabia Saudí","2012",447,"arabia sauda"
"Bangladesh","2012",13075,"bangladesh"
"China","2012",177001,"china"
"Corea","2012",3215,"corea"
"Filipinas","2012",30641,"filipinas"
"India","2012",35888,"india"
"Indonesia","2012",1346,"indonesia"
"Irán","2012",3010,"iran"
"Iraq","2012",1002,"iraq"
"Israel","2012",1860,"israel"
"Japón","2012",5465,"japan"
"Jordania","2012",1210,"jordania"
"Kazajstán","2012",1040,"kazajstan"
"Líbano","2012",1391,"libano"
"Nepal","2012",2662,"nepal"
"Pakistán","2012",79984,"pakistan"
"Siria","2012",2575,"siria"
"Tailandia","2012",1451,"tailandia"
"Vietnam","2012",658,"vietnam"
"Resto de Asia","2012",4650,"resto de asia"
"OCEANÍA","2012",2585,"oceanaa"
"Australia","2012",1859,"australia"
"Nueva Zelanda","2012",611,"nueva zelanda"
"Resto de Oceanía","2012",115,"resto de oceanaa"
"APÁTRIDAS","2012",568,"apatridas"
"TOTAL EXTRANJEROS","2011",5751487,"total extranjeros"
"EUROPA","2011",2631278,"europa"
"UNION EUROPEA","2011",2395358,"union europea"
"UE(15)","2011",1214652,"ue(15)"
"UE(25)","2011",1356725,"ue(25)"
"UE(27)","2011",2395358,"ue(27)"
"UE(28)","2011",2397014,"ue(28)"
"Alemania","2011",195987,"alemania"
"Austria","2011",11001,"austria"
"Bélgica","2011",35892,"balgica"
"Bulgaria","2011",172926,"bulgaria"
"Chipre","2011",215,"chipre"
"Croacia","2011",1656,"croacia"
"Dinamarca","2011",13196,"dinamarca"
"Eslovenia","2011",1300,"eslovenia"
"Estonia","2011",1662,"estonia"
"Finlandia","2011",13039,"finlandia"
"Francia","2011",122503,"francia"
"Grecia","2011",4687,"grecia"
"Hungría","2011",8901,"hungraa"
"Irlanda","2011",18178,"irlanda"
"Italia","2011",187993,"italia"
"Letonia","2011",3793,"letonia"
"Lituania","2011",22496,"lituania"
"Luxemburgo","2011",689,"luxemburgo"
"Malta","2011",257,"malta"
"Países Bajos","2011",54493,"paases bajos"
"Polonia","2011",85956,"polonia"
"Portugal","2011",140824,"portugal"
"Reino Unido","2011",391194,"reino unido"
"República Checa","2011",9259,"repablica checa"
"República Eslovaca","2011",8234,"repablica eslovaca"
"Rumanía","2011",865707,"rumanaa"
"Suecia","2011",24976,"suecia"
"EUROPA NO UE(28)","2011",234264,"europa no ue(28)"
"Albania","2011",1781,"albania"
"Andorra","2011",1120,"andorra"
"Armenia","2011",11596,"armenia"
"Belarús","2011",3737,"belaras"
"Bosnia y Herzegovina","2011",1481,"bosnia y herzegovina"
"Georgia","2011",11231,"georgia"
"Islandia","2011",1391,"islandia"
"Liechtenstein","2011",61,"liechtenstein"
"Macedonia","2011",583,"macedonia"
"Moldavia","2011",17688,"moldavia"
"Noruega","2011",19621,"noruega"
"Rusia","2011",53166,"rusia"
"Serbia y Montenegro (Antigua Yugoslavia)","2011",0,"serbia y montenegro (antigua yugoslavia)"
"Serbia","2011",3201,"serbia"
"Suiza","2011",18350,"suiza"
"Turquía","2011",2729,"turquia"
"Ucrania","2011",86316,"ucrania"
"Resto de Nacionalidades Europeas","2011",212,"resto de nacionalidades europeas"
"ÁFRICA","2011",1084793,"africa"
"Angola","2011",2068,"angola"
"Argelia","2011",60912,"argelia"
"Benin","2011",379,"benin"
"Burkina Faso","2011",1195,"burkina faso"
"Cabo Verde","2011",3341,"cabo verde"
"Camerún","2011",6117,"cameran"
"Congo","2011",2163,"congo"
"Costa De Marfil","2011",3051,"costa de marfil"
"Egipto","2011",3219,"egipto"
"Etiopía","2011",986,"etiopaa"
"Gambia","2011",22299,"gambia"
"Ghana","2011",16399,"ghana"
"Guinea","2011",12646,"guinea"
"Guinea Ecuatorial","2011",15032,"guinea ecuatorial"
"Guinea-Bissau","2011",5565,"guinea-bissau"
"Kenia","2011",969,"kenia"
"Liberia","2011",455,"liberia"
"Mali","2011",24745,"mali"
"Marruecos","2011",773995,"marruecos"
"Mauritania","2011",11690,"mauritania"
"Nigeria","2011",45132,"nigeria"
"República Democrática del Congo","2011",1302,"repablica democratica del congo"
"Senegal","2011",63601,"senegal"
"Sierra Leona","2011",920,"sierra leona"
"Sudáfrica","2011",903,"sudafrica"
"Togo","2011",453,"togo"
"Túnez","2011",1997,"tunez"
"Resto de Africa","2011",3259,"resto de africa"
"AMÉRICA","2011",1688658,"amarica"
"AMÉRICA CENTRAL Y CARIBE","2011",207375,"amarica central y caribe"
"Costa Rica","2011",1924,"costa rica"
"Cuba","2011",54680,"cuba"
"Dominica","2011",691,"dominica"
"El Salvador","2011",6409,"el salvador"
"Guatemala","2011",4207,"guatemala"
"Honduras","2011",30897,"honduras"
"Nicaragua","2011",14516,"nicaragua"
"Panamá","2011",2305,"panama"
"República Dominicana","2011",91148,"dominicana, rep."
"Resto de América Central y Caribe","2011",598,"resto de amarica central y caribe"
"AMÉRICA DEL NORTE","2011",54903,"amarica del norte"
"Canadá","2011",3021,"canada"
"Estados Unidos de América","2011",26611,"estados unidos de amarica"
"México","2011",25271,"maxico"
"AMÉRICA DEL SUR","2011",1426380,"amarica del sur"
"Argentina","2011",120738,"argentina"
"Bolivia","2011",199080,"bolivia"
"Brasil","2011",107596,"brasil"
"Chile","2011",41939,"chile"
"Colombia","2011",273176,"colombia"
"Ecuador","2011",360710,"ecuador"
"Paraguay","2011",87906,"paraguay"
"Perú","2011",132552,"peru"
"Uruguay","2011",42828,"uruguay"
"Venezuela","2011",59805,"venezuela"
"Resto de América del Sur","2011",50,"resto de amarica del sur"
"ASIA","2011",343731,"asia"
"Arabia Saudí","2011",338,"arabia sauda"
"Bangladesh","2011",12246,"bangladesh"
"China","2011",167132,"china"
"Corea","2011",2916,"corea"
"Filipinas","2011",29692,"filipinas"
"India","2011",34130,"india"
"Indonesia","2011",1346,"indonesia"
"Irán","2011",2789,"iran"
"Iraq","2011",991,"iraq"
"Israel","2011",1879,"israel"
"Japón","2011",5285,"japan"
"Jordania","2011",1211,"jordania"
"Kazajstán","2011",992,"kazajstan"
"Líbano","2011",1357,"libano"
"Nepal","2011",2543,"nepal"
"Pakistán","2011",70165,"pakistan"
"Siria","2011",2497,"siria"
"Tailandia","2011",1359,"tailandia"
"Vietnam","2011",618,"vietnam"
"Resto de Asia","2011",4245,"resto de asia"
"OCEANÍA","2011",2483,"oceanaa"
"Australia","2011",1759,"australia"
"Nueva Zelanda","2011",606,"nueva zelanda"
"Resto de Oceanía","2011",118,"resto de oceanaa"
"APÁTRIDAS","2011",544,"apatridas"
"TOTAL EXTRANJEROS","2010",5747734,"total extranjeros"
"EUROPA","2010",2578971,"europa"
"UNION EUROPEA","2010",2350172,"union europea"
"UE(15)","2010",1208359,"ue(15)"
"UE(25)","2010",1349385,"ue(25)"
"UE(27)","2010",2350172,"ue(27)"
"UE(28)","2010",2351939,"ue(28)"
"Alemania","2010",195824,"alemania"
"Austria","2010",10932,"austria"
"Bélgica","2010",36123,"balgica"
"Bulgaria","2010",169552,"bulgaria"
"Chipre","2010",199,"chipre"
"Croacia","2010",1767,"croacia"
"Dinamarca","2010",13150,"dinamarca"
"Eslovenia","2010",1279,"eslovenia"
"Estonia","2010",1493,"estonia"
"Finlandia","2010",12457,"finlandia"
"Francia","2010",123870,"francia"
"Grecia","2010",4765,"grecia"
"Hungría","2010",8443,"hungraa"
"Irlanda","2010",17573,"irlanda"
"Italia","2010",184277,"italia"
"Letonia","2010",3439,"letonia"
"Lituania","2010",22289,"lituania"
"Luxemburgo","2010",672,"luxemburgo"
"Malta","2010",232,"malta"
"Países Bajos","2010",53983,"paases bajos"
"Polonia","2010",86324,"polonia"
"Portugal","2010",142520,"portugal"
"Reino Unido","2010",387677,"reino unido"
"República Checa","2010",9190,"repablica checa"
"República Eslovaca","2010",8138,"repablica eslovaca"
"Rumanía","2010",831235,"rumanaa"
"Suecia","2010",24536,"suecia"
"EUROPA NO UE(28)","2010",227032,"europa no ue(28)"
"Albania","2010",1779,"albania"
"Andorra","2010",1145,"andorra"
"Armenia","2010",11734,"armenia"
"Belarús","2010",3643,"belaras"
"Bosnia y Herzegovina","2010",1592,"bosnia y herzegovina"
"Georgia","2010",11133,"georgia"
"Islandia","2010",1433,"islandia"
"Liechtenstein","2010",58,"liechtenstein"
"Macedonia","2010",527,"macedonia"
"Moldavia","2010",17838,"moldavia"
"Noruega","2010",18890,"noruega"
"Rusia","2010",49820,"rusia"
"Serbia y Montenegro (Antigua Yugoslavia)","2010",0,"serbia y montenegro (antigua yugoslavia)"
"Serbia","2010",2996,"serbia"
"Suiza","2010",18299,"suiza"
"Turquía","2010",2640,"turquia"
"Ucrania","2010",83313,"ucrania"
"Resto de Nacionalidades Europeas","2010",192,"resto de nacionalidades europeas"
"ÁFRICA","2010",1059369,"africa"
"Angola","2010",2183,"angola"
"Argelia","2010",58743,"argelia"
"Benin","2010",378,"benin"
"Burkina Faso","2010",1131,"burkina faso"
"Cabo Verde","2010",3428,"cabo verde"
"Camerún","2010",5919,"cameran"
"Congo","2010",2240,"congo"
"Costa De Marfil","2010",2969,"costa de marfil"
"Egipto","2010",3142,"egipto"
"Etiopía","2010",980,"etiopaa"
"Gambia","2010",22168,"gambia"
"Ghana","2010",15692,"ghana"
"Guinea","2010",12553,"guinea"
"Guinea Ecuatorial","2010",15595,"guinea ecuatorial"
"Guinea-Bissau","2010",5875,"guinea-bissau"
"Kenia","2010",873,"kenia"
"Liberia","2010",492,"liberia"
"Mali","2010",24228,"mali"
"Marruecos","2010",754080,"marruecos"
"Mauritania","2010",11803,"mauritania"
"Nigeria","2010",44176,"nigeria"
"República Democrática del Congo","2010",1255,"repablica democratica del congo"
"Senegal","2010",61970,"senegal"
"Sierra Leona","2010",962,"sierra leona"
"Sudáfrica","2010",875,"sudafrica"
"Togo","2010",446,"togo"
"Túnez","2010",1977,"tunez"
"Resto de Africa","2010",3236,"resto de africa"
"AMÉRICA","2010",1788680,"amarica"
"AMÉRICA CENTRAL Y CARIBE","2010",201374,"amarica central y caribe"
"Costa Rica","2010",1925,"costa rica"
"Cuba","2010",54954,"cuba"
"Dominica","2010",745,"dominica"
"El Salvador","2010",6025,"el salvador"
"Guatemala","2010",4068,"guatemala"
"Honduras","2010",27363,"honduras"
"Nicaragua","2010",12190,"nicaragua"
"Panamá","2010",2331,"panama"
"República Dominicana","2010",91212,"dominicana, rep."
"Resto de América Central y Caribe","2010",561,"resto de amarica central y caribe"
"AMÉRICA DEL NORTE","2010",54099,"amarica del norte"
"Canadá","2010",2879,"canada"
"Estados Unidos de América","2010",25771,"estados unidos de amarica"
"México","2010",25449,"maxico"
"AMÉRICA DEL SUR","2010",1533207,"amarica del sur"
"Argentina","2010",132249,"argentina"
"Bolivia","2010",213169,"bolivia"
"Brasil","2010",117808,"brasil"
"Chile","2010",44570,"chile"
"Colombia","2010",292641,"colombia"
"Ecuador","2010",399586,"ecuador"
"Paraguay","2010",85687,"paraguay"
"Perú","2010",140182,"peru"
"Uruguay","2010",46865,"uruguay"
"Venezuela","2010",60399,"venezuela"
"Resto de América del Sur","2010",51,"resto de amarica del sur"
"ASIA","2010",317646,"asia"
"Arabia Saudí","2010",286,"arabia sauda"
"Bangladesh","2010",11147,"bangladesh"
"China","2010",158244,"china"
"Corea","2010",2886,"corea"
"Filipinas","2010",28953,"filipinas"
"India","2010",32947,"india"
"Indonesia","2010",1374,"indonesia"
"Irán","2010",2687,"iran"
"Iraq","2010",1021,"iraq"
"Israel","2010",1936,"israel"
"Japón","2010",5127,"japan"
"Jordania","2010",1128,"jordania"
"Kazajstán","2010",873,"kazajstan"
"Líbano","2010",1389,"libano"
"Nepal","2010",2490,"nepal"
"Pakistán","2010",56877,"pakistan"
"Siria","2010",2467,"siria"
"Tailandia","2010",1287,"tailandia"
"Vietnam","2010",515,"vietnam"
"Resto de Asia","2010",4012,"resto de asia"
"OCEANÍA","2010",2535,"oceanaa"
"Australia","2010",1773,"australia"
"Nueva Zelanda","2010",625,"nueva zelanda"
"Resto de Oceanía","2010",137,"resto de oceanaa"
"APÁTRIDAS","2010",533,"apatridas"
"TOTAL EXTRANJEROS","2009",5648671,"total extranjeros"
"EUROPA","2009",2496891,"europa"
"UNION EUROPEA","2009",2273226,"union europea"
"UE(15)","2009",1172196,"ue(15)"
"UE(25)","2009",1309617,"ue(25)"
"UE(27)","2009",2273226,"ue(27)"
"UE(28)","2009",2274978,"ue(28)"
"Alemania","2009",191002,"alemania"
"Austria","2009",10526,"austria"
"Bélgica","2009",35379,"balgica"
"Bulgaria","2009",164717,"bulgaria"
"Chipre","2009",193,"chipre"
"Croacia","2009",1752,"croacia"
"Dinamarca","2009",12925,"dinamarca"
"Eslovenia","2009",1217,"eslovenia"
"Estonia","2009",1354,"estonia"
"Finlandia","2009",11970,"finlandia"
"Francia","2009",120507,"francia"
"Grecia","2009",4632,"grecia"
"Hungría","2009",7788,"hungraa"
"Irlanda","2009",16528,"irlanda"
"Italia","2009",175316,"italia"
"Letonia","2009",2869,"letonia"
"Lituania","2009",22004,"lituania"
"Luxemburgo","2009",639,"luxemburgo"
"Malta","2009",216,"malta"
"Países Bajos","2009",52494,"paases bajos"
"Polonia","2009",85040,"polonia"
"Portugal","2009",140870,"portugal"
"Reino Unido","2009",375703,"reino unido"
"República Checa","2009",8763,"repablica checa"
"República Eslovaca","2009",7977,"repablica eslovaca"
"Rumanía","2009",798892,"rumanaa"
"Suecia","2009",23705,"suecia"
"EUROPA NO UE(28)","2009",221913,"europa no ue(28)"
"Albania","2009",1714,"albania"
"Andorra","2009",1153,"andorra"
"Armenia","2009",11945,"armenia"
"Belarús","2009",3596,"belaras"
"Bosnia y Herzegovina","2009",1674,"bosnia y herzegovina"
"Georgia","2009",11144,"georgia"
"Islandia","2009",1387,"islandia"
"Liechtenstein","2009",58,"liechtenstein"
"Macedonia","2009",530,"macedonia"
"Moldavia","2009",17529,"moldavia"
"Noruega","2009",18011,"noruega"
"Rusia","2009",47432,"rusia"
"Serbia y Montenegro (Antigua Yugoslavia)","2009",0,"serbia y montenegro (antigua yugoslavia)"
"Serbia","2009",2952,"serbia"
"Suiza","2009",17936,"suiza"
"Turquía","2009",2400,"turquia"
"Ucrania","2009",82265,"ucrania"
"Resto de Nacionalidades Europeas","2009",187,"resto de nacionalidades europeas"
"ÁFRICA","2009",1009169,"africa"
"Angola","2009",2251,"angola"
"Argelia","2009",56201,"argelia"
"Benin","2009",384,"benin"
"Burkina Faso","2009",1004,"burkina faso"
"Cabo Verde","2009",3468,"cabo verde"
"Camerún","2009",5524,"cameran"
"Congo","2009",2132,"congo"
"Costa De Marfil","2009",2556,"costa de marfil"
"Egipto","2009",2990,"egipto"
"Etiopía","2009",828,"etiopaa"
"Gambia","2009",21534,"gambia"
"Ghana","2009",15179,"ghana"
"Guinea","2009",11958,"guinea"
"Guinea Ecuatorial","2009",15652,"guinea ecuatorial"
"Guinea-Bissau","2009",6212,"guinea-bissau"
"Kenia","2009",739,"kenia"
"Liberia","2009",516,"liberia"
"Mali","2009",23142,"mali"
"Marruecos","2009",718055,"marruecos"
"Mauritania","2009",11468,"mauritania"
"Nigeria","2009",42323,"nigeria"
"República Democrática del Congo","2009",1186,"repablica democratica del congo"
"Senegal","2009",56590,"senegal"
"Sierra Leona","2009",991,"sierra leona"
"Sudáfrica","2009",862,"sudafrica"
"Togo","2009",423,"togo"
"Túnez","2009",1879,"tunez"
"Resto de Africa","2009",3122,"resto de africa"
"AMÉRICA","2009",1842913,"amarica"
"AMÉRICA CENTRAL Y CARIBE","2009",193842,"amarica central y caribe"
"Costa Rica","2009",1887,"costa rica"
"Cuba","2009",54621,"cuba"
"Dominica","2009",751,"dominica"
"El Salvador","2009",5701,"el salvador"
"Guatemala","2009",3882,"guatemala"
"Honduras","2009",25307,"honduras"
"Nicaragua","2009",10815,"nicaragua"
"Panamá","2009",2264,"panama"
"República Dominicana","2009",88103,"dominicana, rep."
"Resto de América Central y Caribe","2009",511,"resto de amarica central y caribe"
"AMÉRICA DEL NORTE","2009",52677,"amarica del norte"
"Canadá","2009",2785,"canada"
"Estados Unidos de América","2009",24934,"estados unidos de amarica"
"México","2009",24958,"maxico"
"AMÉRICA DEL SUR","2009",1596394,"amarica del sur"
"Argentina","2009",142270,"argentina"
"Bolivia","2009",230703,"bolivia"
"Brasil","2009",126185,"brasil"
"Chile","2009",46455,"chile"
"Colombia","2009",296674,"colombia"
"Ecuador","2009",421426,"ecuador"
"Paraguay","2009",81551,"paraguay"
"Perú","2009",139179,"peru"
"Uruguay","2009",50429,"uruguay"
"Venezuela","2009",61468,"venezuela"
"Resto de América del Sur","2009",54,"resto de amarica del sur"
"ASIA","2009",296734,"asia"
"Arabia Saudí","2009",284,"arabia sauda"
"Bangladesh","2009",9545,"bangladesh"
"China","2009",147479,"china"
"Corea","2009",2859,"corea"
"Filipinas","2009",27312,"filipinas"
"India","2009",29742,"india"
"Indonesia","2009",1316,"indonesia"
"Irán","2009",2582,"iran"
"Iraq","2009",1056,"iraq"
"Israel","2009",1894,"israel"
"Japón","2009",4949,"japan"
"Jordania","2009",1148,"jordania"
"Kazajstán","2009",759,"kazajstan"
"Líbano","2009",1431,"libano"
"Nepal","2009",2257,"nepal"
"Pakistán","2009",54101,"pakistan"
"Siria","2009",2429,"siria"
"Tailandia","2009",1471,"tailandia"
"Vietnam","2009",449,"vietnam"
"Resto de Asia","2009",3671,"resto de asia"
"OCEANÍA","2009",2434,"oceanaa"
"Australia","2009",1697,"australia"
"Nueva Zelanda","2009",603,"nueva zelanda"
"Resto de Oceanía","2009",134,"resto de oceanaa"
"APÁTRIDAS","2009",530,"apatridas"
"TOTAL EXTRANJEROS","2008",5268762,"total extranjeros"
"EUROPA","2008",2314425,"europa"
"UNION EUROPEA","2008",2102654,"union europea"
"UE(15)","2008",1090122,"ue(15)"
"UE(25)","2008",1216875,"ue(25)"
"UE(27)","2008",2102654,"ue(27)"
"UE(28)","2008",2104424,"ue(28)"
"Alemania","2008",181174,"alemania"
"Austria","2008",9742,"austria"
"Bélgica","2008",33906,"balgica"
"Bulgaria","2008",153973,"bulgaria"
"Chipre","2008",176,"chipre"
"Croacia","2008",1770,"croacia"
"Dinamarca","2008",12208,"dinamarca"
"Eslovenia","2008",1050,"eslovenia"
"Estonia","2008",1169,"estonia"
"Finlandia","2008",11041,"finlandia"
"Francia","2008",112610,"francia"
"Grecia","2008",4140,"grecia"
"Hungría","2008",6591,"hungraa"
"Irlanda","2008",15244,"irlanda"
"Italia","2008",157789,"italia"
"Letonia","2008",2523,"letonia"
"Lituania","2008",21150,"lituania"
"Luxemburgo","2008",593,"luxemburgo"
"Malta","2008",185,"malta"
"Países Bajos","2008",49331,"paases bajos"
"Polonia","2008",78560,"polonia"
"Portugal","2008",127199,"portugal"
"Reino Unido","2008",352957,"reino unido"
"República Checa","2008",7951,"repablica checa"
"República Eslovaca","2008",7398,"repablica eslovaca"
"Rumanía","2008",731806,"rumanaa"
"Suecia","2008",22188,"suecia"
"EUROPA NO UE(28)","2008",210001,"europa no ue(28)"
"Albania","2008",1552,"albania"
"Andorra","2008",1155,"andorra"
"Armenia","2008",11392,"armenia"
"Belarús","2008",3447,"belaras"
"Bosnia y Herzegovina","2008",1683,"bosnia y herzegovina"
"Georgia","2008",9562,"georgia"
"Islandia","2008",1243,"islandia"
"Liechtenstein","2008",51,"liechtenstein"
"Macedonia","2008",473,"macedonia"
"Moldavia","2008",15767,"moldavia"
"Noruega","2008",17116,"noruega"
"Rusia","2008",44669,"rusia"
"Serbia y Montenegro (Antigua Yugoslavia)","2008",0,"serbia y montenegro (antigua yugoslavia)"
"Serbia","2008",3123,"serbia"
"Suiza","2008",17450,"suiza"
"Turquía","2008",2086,"turquia"
"Ucrania","2008",79096,"ucrania"
"Resto de Nacionalidades Europeas","2008",136,"resto de nacionalidades europeas"
"ÁFRICA","2008",909757,"africa"
"Angola","2008",2244,"angola"
"Argelia","2008",51922,"argelia"
"Benin","2008",352,"benin"
"Burkina Faso","2008",809,"burkina faso"
"Cabo Verde","2008",3329,"cabo verde"
"Camerún","2008",4788,"cameran"
"Congo","2008",1972,"congo"
"Costa De Marfil","2008",2028,"costa de marfil"
"Egipto","2008",2709,"egipto"
"Etiopía","2008",695,"etiopaa"
"Gambia","2008",19350,"gambia"
"Ghana","2008",13133,"ghana"
"Guinea","2008",10413,"guinea"
"Guinea Ecuatorial","2008",14676,"guinea ecuatorial"
"Guinea-Bissau","2008",5911,"guinea-bissau"
"Kenia","2008",592,"kenia"
"Liberia","2008",554,"liberia"
"Mali","2008",19704,"mali"
"Marruecos","2008",652695,"marruecos"
"Mauritania","2008",9916,"mauritania"
"Nigeria","2008",37475,"nigeria"
"República Democrática del Congo","2008",1105,"repablica democratica del congo"
"Senegal","2008",46620,"senegal"
"Sierra Leona","2008",981,"sierra leona"
"Sudáfrica","2008",803,"sudafrica"
"Togo","2008",371,"togo"
"Túnez","2008",1741,"tunez"
"Resto de Africa","2008",2869,"resto de africa"
"AMÉRICA","2008",1784890,"amarica"
"AMÉRICA CENTRAL Y CARIBE","2008",172230,"amarica central y caribe"
"Costa Rica","2008",1678,"costa rica"
"Cuba","2008",50759,"cuba"
"Dominica","2008",667,"dominica"
"El Salvador","2008",5021,"el salvador"
"Guatemala","2008",3266,"guatemala"
"Honduras","2008",22026,"honduras"
"Nicaragua","2008",8404,"nicaragua"
"Panamá","2008",2137,"panama"
"República Dominicana","2008",77822,"dominicana, rep."
"Resto de América Central y Caribe","2008",450,"resto de amarica central y caribe"
"AMÉRICA DEL NORTE","2008",49620,"amarica del norte"
"Canadá","2008",2692,"canada"
"Estados Unidos de América","2008",23903,"estados unidos de amarica"
"México","2008",23025,"maxico"
"AMÉRICA DEL SUR","2008",1563040,"amarica del sur"
"Argentina","2008",147382,"argentina"
"Bolivia","2008",242496,"bolivia"
"Brasil","2008",116548,"brasil"
"Chile","2008",46068,"chile"
"Colombia","2008",284581,"colombia"
"Ecuador","2008",427718,"ecuador"
"Paraguay","2008",67403,"paraguay"
"Perú","2008",121932,"peru"
"Uruguay","2008",50544,"uruguay"
"Venezuela","2008",58317,"venezuela"
"Resto de América del Sur","2008",51,"resto de amarica del sur"
"ASIA","2008",256728,"asia"
"Arabia Saudí","2008",312,"arabia sauda"
"Bangladesh","2008",7984,"bangladesh"
"China","2008",125914,"china"
"Corea","2008",2765,"corea"
"Filipinas","2008",24120,"filipinas"
"India","2008",25185,"india"
"Indonesia","2008",983,"indonesia"
"Irán","2008",2462,"iran"
"Iraq","2008",982,"iraq"
"Israel","2008",1903,"israel"
"Japón","2008",4871,"japan"
"Jordania","2008",1123,"jordania"
"Kazajstán","2008",664,"kazajstan"
"Líbano","2008",1405,"libano"
"Nepal","2008",1654,"nepal"
"Pakistán","2008",47001,"pakistan"
"Siria","2008",2393,"siria"
"Tailandia","2008",1290,"tailandia"
"Vietnam","2008",413,"vietnam"
"Resto de Asia","2008",3304,"resto de asia"
"OCEANÍA","2008",2405,"oceanaa"
"Australia","2008",1548,"australia"
"Nueva Zelanda","2008",720,"nueva zelanda"
"Resto de Oceanía","2008",137,"resto de oceanaa"
"APÁTRIDAS","2008",557,"apatridas"
"TOTAL EXTRANJEROS","2007",4519554,"total extranjeros"
"EUROPA","2007",1895727,"europa"
"UNION EUROPEA","2007",1708517,"union europea"
"UE(15)","2007",958311,"ue(15)"
"UE(25)","2007",1059441,"ue(25)"
"UE(27)","2007",1708517,"ue(27)"
"UE(28)","2007",1710166,"ue(28)"
"Alemania","2007",164405,"alemania"
"Austria","2007",8651,"austria"
"Bélgica","2007",31412,"balgica"
"Bulgaria","2007",122057,"bulgaria"
"Chipre","2007",146,"chipre"
"Croacia","2007",1649,"croacia"
"Dinamarca","2007",10906,"dinamarca"
"Eslovenia","2007",799,"eslovenia"
"Estonia","2007",984,"estonia"
"Finlandia","2007",9990,"finlandia"
"Francia","2007",100408,"francia"
"Grecia","2007",3567,"grecia"
"Hungría","2007",4597,"hungraa"
"Irlanda","2007",13279,"irlanda"
"Italia","2007",135108,"italia"
"Letonia","2007",2128,"letonia"
"Lituania","2007",18528,"lituania"
"Luxemburgo","2007",562,"luxemburgo"
"Malta","2007",152,"malta"
"Países Bajos","2007",44398,"paases bajos"
"Polonia","2007",61464,"polonia"
"Portugal","2007",100616,"portugal"
"Reino Unido","2007",314951,"reino unido"
"República Checa","2007",6423,"repablica checa"
"República Eslovaca","2007",5909,"repablica eslovaca"
"Rumanía","2007",527019,"rumanaa"
"Suecia","2007",20058,"suecia"
"EUROPA NO UE(28)","2007",185561,"europa no ue(28)"
"Albania","2007",1353,"albania"
"Andorra","2007",1022,"andorra"
"Armenia","2007",9989,"armenia"
"Belarús","2007",3135,"belaras"
"Bosnia y Herzegovina","2007",1659,"bosnia y herzegovina"
"Georgia","2007",7355,"georgia"
"Islandia","2007",1083,"islandia"
"Liechtenstein","2007",48,"liechtenstein"
"Macedonia","2007",407,"macedonia"
"Moldavia","2007",12801,"moldavia"
"Noruega","2007",15630,"noruega"
"Rusia","2007",39798,"rusia"
"Serbia y Montenegro (Antigua Yugoslavia)","2007",3113,"serbia y montenegro (antigua yugoslavia)"
"Serbia","2007",0,"serbia"
"Suiza","2007",16361,"suiza"
"Turquía","2007",1758,"turquia"
"Ucrania","2007",69983,"ucrania"
"Resto de Nacionalidades Europeas","2007",66,"resto de nacionalidades europeas"
"ÁFRICA","2007",806795,"africa"
"Angola","2007",2114,"angola"
"Argelia","2007",45813,"argelia"
"Benin","2007",318,"benin"
"Burkina Faso","2007",725,"burkina faso"
"Cabo Verde","2007",2998,"cabo verde"
"Camerún","2007",4029,"cameran"
"Congo","2007",1801,"congo"
"Costa De Marfil","2007",1636,"costa de marfil"
"Egipto","2007",2566,"egipto"
"Etiopía","2007",588,"etiopaa"
"Gambia","2007",17393,"gambia"
"Ghana","2007",12699,"ghana"
"Guinea","2007",9159,"guinea"
"Guinea Ecuatorial","2007",13129,"guinea ecuatorial"
"Guinea-Bissau","2007",5229,"guinea-bissau"
"Kenia","2007",530,"kenia"
"Liberia","2007",581,"liberia"
"Mali","2007",17094,"mali"
"Marruecos","2007",582923,"marruecos"
"Mauritania","2007",9271,"mauritania"
"Nigeria","2007",32119,"nigeria"
"República Democrática del Congo","2007",1008,"repablica democratica del congo"
"Senegal","2007",36955,"senegal"
"Sierra Leona","2007",989,"sierra leona"
"Sudáfrica","2007",704,"sudafrica"
"Togo","2007",348,"togo"
"Túnez","2007",1544,"tunez"
"Resto de Africa","2007",2532,"resto de africa"
"AMÉRICA","2007",1594338,"amarica"
"AMÉRICA CENTRAL Y CARIBE","2007",139945,"amarica central y caribe"
"Costa Rica","2007",1320,"costa rica"
"Cuba","2007",45698,"cuba"
"Dominica","2007",604,"dominica"
"El Salvador","2007",3795,"el salvador"
"Guatemala","2007",2417,"guatemala"
"Honduras","2007",14253,"honduras"
"Nicaragua","2007",4547,"nicaragua"
"Panamá","2007",1794,"panama"
"República Dominicana","2007",65119,"dominicana, rep."
"Resto de América Central y Caribe","2007",398,"resto de amarica central y caribe"
"AMÉRICA DEL NORTE","2007",45608,"amarica del norte"
"Canadá","2007",2419,"canada"
"Estados Unidos de América","2007",22082,"estados unidos de amarica"
"México","2007",21107,"maxico"
"AMÉRICA DEL SUR","2007",1408785,"amarica del sur"
"Argentina","2007",141159,"argentina"
"Bolivia","2007",200496,"bolivia"
"Brasil","2007",90161,"brasil"
"Chile","2007",40844,"chile"
"Colombia","2007",261542,"colombia"
"Ecuador","2007",427099,"ecuador"
"Paraguay","2007",46238,"paraguay"
"Perú","2007",103650,"peru"
"Uruguay","2007",46069,"uruguay"
"Venezuela","2007",51481,"venezuela"
"Resto de América del Sur","2007",46,"resto de amarica del sur"
"ASIA","2007",219843,"asia"
"Arabia Saudí","2007",325,"arabia sauda"
"Bangladesh","2007",6480,"bangladesh"
"China","2007",106652,"china"
"Corea","2007",2465,"corea"
"Filipinas","2007",20385,"filipinas"
"India","2007",21296,"india"
"Indonesia","2007",586,"indonesia"
"Irán","2007",2334,"iran"
"Iraq","2007",880,"iraq"
"Israel","2007",1713,"israel"
"Japón","2007",4636,"japan"
"Jordania","2007",1088,"jordania"
"Kazajstán","2007",505,"kazajstan"
"Líbano","2007",1250,"libano"
"Nepal","2007",903,"nepal"
"Pakistán","2007",42105,"pakistan"
"Siria","2007",2129,"siria"
"Tailandia","2007",921,"tailandia"
"Vietnam","2007",330,"vietnam"
"Resto de Asia","2007",2860,"resto de asia"
"OCEANÍA","2007",2271,"oceanaa"
"Australia","2007",1455,"australia"
"Nueva Zelanda","2007",681,"nueva zelanda"
"Resto de Oceanía","2007",135,"resto de oceanaa"
"APÁTRIDAS","2007",580,"apatridas"
"TOTAL EXTRANJEROS","2006",4144166,"total extranjeros"
"EUROPA","2006",1609856,"europa"
"UNION EUROPEA","2006",918886,"union europea"
"UE(15)","2006",840853,"ue(15)"
"UE(25)","2006",918886,"ue(25)"
"UE(27)","2006",1427662,"ue(27)"
"UE(28)","2006",1429450,"ue(28)"
"Alemania","2006",150490,"alemania"
"Austria","2006",7776,"austria"
"Bélgica","2006",29526,"balgica"
"Bulgaria","2006",101617,"bulgaria"
"Chipre","2006",132,"chipre"
"Croacia","2006",1788,"croacia"
"Dinamarca","2006",9977,"dinamarca"
"Eslovenia","2006",619,"eslovenia"
"Estonia","2006",784,"estonia"
"Finlandia","2006",9313,"finlandia"
"Francia","2006",90021,"francia"
"Grecia","2006",3027,"grecia"
"Hungría","2006",3344,"hungraa"
"Irlanda","2006",11475,"irlanda"
"Italia","2006",115791,"italia"
"Letonia","2006",1731,"letonia"
"Lituania","2006",15822,"lituania"
"Luxemburgo","2006",520,"luxemburgo"
"Malta","2006",129,"malta"
"Países Bajos","2006",39484,"paases bajos"
"Polonia","2006",45797,"polonia"
"Portugal","2006",80635,"portugal"
"Reino Unido","2006",274722,"reino unido"
"República Checa","2006",5160,"repablica checa"
"República Eslovaca","2006",4515,"repablica eslovaca"
"Rumanía","2006",407159,"rumanaa"
"Suecia","2006",18096,"suecia"
"EUROPA NO UE(28)","2006",180406,"europa no ue(28)"
"Albania","2006",1316,"albania"
"Andorra","2006",1075,"andorra"
"Armenia","2006",9365,"armenia"
"Belarús","2006",3262,"belaras"
"Bosnia y Herzegovina","2006",1827,"bosnia y herzegovina"
"Georgia","2006",6284,"georgia"
"Islandia","2006",920,"islandia"
"Liechtenstein","2006",46,"liechtenstein"
"Macedonia","2006",432,"macedonia"
"Moldavia","2006",11330,"moldavia"
"Noruega","2006",14154,"noruega"
"Rusia","2006",39904,"rusia"
"Serbia y Montenegro (Antigua Yugoslavia)","2006",3474,"serbia y montenegro (antigua yugoslavia)"
"Serbia","2006",0,"serbia"
"Suiza","2006",15385,"suiza"
"Turquía","2006",1656,"turquia"
"Ucrania","2006",69893,"ucrania"
"Resto de Nacionalidades Europeas","2006",83,"resto de nacionalidades europeas"
"ÁFRICA","2006",785279,"africa"
"Angola","2006",2340,"angola"
"Argelia","2006",47079,"argelia"
"Benin","2006",308,"benin"
"Burkina Faso","2006",652,"burkina faso"
"Cabo Verde","2006",2939,"cabo verde"
"Camerún","2006",3850,"cameran"
"Congo","2006",1825,"congo"
"Costa De Marfil","2006",1528,"costa de marfil"
"Egipto","2006",2703,"egipto"
"Etiopía","2006",508,"etiopaa"
"Gambia","2006",17425,"gambia"
"Ghana","2006",13288,"ghana"
"Guinea","2006",9123,"guinea"
"Guinea Ecuatorial","2006",13251,"guinea ecuatorial"
"Guinea-Bissau","2006",5076,"guinea-bissau"
"Kenia","2006",538,"kenia"
"Liberia","2006",862,"liberia"
"Mali","2006",14886,"mali"
"Marruecos","2006",563012,"marruecos"
"Mauritania","2006",9652,"mauritania"
"Nigeria","2006",31588,"nigeria"
"República Democrática del Congo","2006",1035,"repablica democratica del congo"
"Senegal","2006",35079,"senegal"
"Sierra Leona","2006",1335,"sierra leona"
"Sudáfrica","2006",788,"sudafrica"
"Togo","2006",360,"togo"
"Túnez","2006",1642,"tunez"
"Resto de Africa","2006",2607,"resto de africa"
"AMÉRICA","2006",1528077,"amarica"
"AMÉRICA CENTRAL Y CARIBE","2006",126966,"amarica central y caribe"
"Costa Rica","2006",1267,"costa rica"
"Cuba","2006",44739,"cuba"
"Dominica","2006",731,"dominica"
"El Salvador","2006",3285,"el salvador"
"Guatemala","2006",2081,"guatemala"
"Honduras","2006",9108,"honduras"
"Nicaragua","2006",2648,"nicaragua"
"Panamá","2006",1597,"panama"
"República Dominicana","2006",61071,"dominicana, rep."
"Resto de América Central y Caribe","2006",439,"resto de amarica central y caribe"
"AMÉRICA DEL NORTE","2006",51149,"amarica del norte"
"Canadá","2006",2775,"canada"
"Estados Unidos de América","2006",24517,"estados unidos de amarica"
"México","2006",23857,"maxico"
"AMÉRICA DEL SUR","2006",1349962,"amarica del sur"
"Argentina","2006",150252,"argentina"
"Bolivia","2006",139802,"bolivia"
"Brasil","2006",72441,"brasil"
"Chile","2006",39704,"chile"
"Colombia","2006",265141,"colombia"
"Ecuador","2006",461310,"ecuador"
"Paraguay","2006",28587,"paraguay"
"Perú","2006",95903,"peru"
"Uruguay","2006",45508,"uruguay"
"Venezuela","2006",51261,"venezuela"
"Resto de América del Sur","2006",53,"resto de amarica del sur"
"ASIA","2006",217918,"asia"
"Arabia Saudí","2006",337,"arabia sauda"
"Bangladesh","2006",6318,"bangladesh"
"China","2006",104681,"china"
"Corea","2006",2801,"corea"
"Filipinas","2006",19794,"filipinas"
"India","2006",20550,"india"
"Indonesia","2006",481,"indonesia"
"Irán","2006",2641,"iran"
"Iraq","2006",1124,"iraq"
"Israel","2006",1848,"israel"
"Japón","2006",5198,"japan"
"Jordania","2006",1205,"jordania"
"Kazajstán","2006",434,"kazajstan"
"Líbano","2006",1302,"libano"
"Nepal","2006",684,"nepal"
"Pakistán","2006",42138,"pakistan"
"Siria","2006",2365,"siria"
"Tailandia","2006",792,"tailandia"
"Vietnam","2006",335,"vietnam"
"Resto de Asia","2006",2890,"resto de asia"
"OCEANÍA","2006",2363,"oceanaa"
"Australia","2006",1633,"australia"
"Nueva Zelanda","2006",495,"nueva zelanda"
"Resto de Oceanía","2006",235,"resto de oceanaa"
"APÁTRIDAS","2006",673,"apatridas"
"TOTAL EXTRANJEROS","2005",3730610,"total extranjeros"
"EUROPA","2005",1352253,"europa"
"UNION EUROPEA","2005",774953,"union europea"
"UE(15)","2005",712905,"ue(15)"
"UE(25)","2005",774953,"ue(25)"
"UE(27)","2005",1185356,"ue(27)"
"UE(28)","2005",1187069,"ue(28)"
"Alemania","2005",133588,"alemania"
"Austria","2005",6769,"austria"
"Bélgica","2005",26670,"balgica"
"Bulgaria","2005",93037,"bulgaria"
"Chipre","2005",108,"chipre"
"Croacia","2005",1713,"croacia"
"Dinamarca","2005",8855,"dinamarca"
"Eslovenia","2005",470,"eslovenia"
"Estonia","2005",636,"estonia"
"Finlandia","2005",8373,"finlandia"
"Francia","2005",77791,"francia"
"Grecia","2005",2336,"grecia"
"Hungría","2005",2532,"hungraa"
"Irlanda","2005",9618,"irlanda"
"Italia","2005",95377,"italia"
"Letonia","2005",1377,"letonia"
"Lituania","2005",12642,"lituania"
"Luxemburgo","2005",464,"luxemburgo"
"Malta","2005",110,"malta"
"Países Bajos","2005",33845,"paases bajos"
"Polonia","2005",36477,"polonia"
"Portugal","2005",66236,"portugal"
"Reino Unido","2005",227187,"reino unido"
"República Checa","2005",4177,"repablica checa"
"República Eslovaca","2005",3519,"repablica eslovaca"
"Rumanía","2005",317366,"rumanaa"
"Suecia","2005",15796,"suecia"
"EUROPA NO UE(28)","2005",165184,"europa no ue(28)"
"Albania","2005",1165,"albania"
"Andorra","2005",1099,"andorra"
"Armenia","2005",7903,"armenia"
"Belarús","2005",2860,"belaras"
"Bosnia y Herzegovina","2005",1946,"bosnia y herzegovina"
"Georgia","2005",5160,"georgia"
"Islandia","2005",728,"islandia"
"Liechtenstein","2005",43,"liechtenstein"
"Macedonia","2005",402,"macedonia"
"Moldavia","2005",9300,"moldavia"
"Noruega","2005",12548,"noruega"
"Rusia","2005",36319,"rusia"
"Serbia y Montenegro (Antigua Yugoslavia)","2005",3759,"serbia y montenegro (antigua yugoslavia)"
"Serbia","2005",0,"serbia"
"Suiza","2005",14638,"suiza"
"Turquía","2005",1483,"turquia"
"Ucrania","2005",65667,"ucrania"
"Resto de Nacionalidades Europeas","2005",164,"resto de nacionalidades europeas"
"ÁFRICA","2005",713974,"africa"
"Angola","2005",2513,"angola"
"Argelia","2005",46278,"argelia"
"Benin","2005",308,"benin"
"Burkina Faso","2005",533,"burkina faso"
"Cabo Verde","2005",3095,"cabo verde"
"Camerún","2005",3433,"cameran"
"Congo","2005",1799,"congo"
"Costa De Marfil","2005",1299,"costa de marfil"
"Egipto","2005",2501,"egipto"
"Etiopía","2005",503,"etiopaa"
"Gambia","2005",15838,"gambia"
"Ghana","2005",10482,"ghana"
"Guinea","2005",8051,"guinea"
"Guinea Ecuatorial","2005",13096,"guinea ecuatorial"
"Guinea-Bissau","2005",4490,"guinea-bissau"
"Kenia","2005",530,"kenia"
"Liberia","2005",1083,"liberia"
"Mali","2005",12158,"mali"
"Marruecos","2005",511294,"marruecos"
"Mauritania","2005",9611,"mauritania"
"Nigeria","2005",27203,"nigeria"
"República Democrática del Congo","2005",983,"repablica democratica del congo"
"Senegal","2005",29608,"senegal"
"Sierra Leona","2005",1664,"sierra leona"
"Sudáfrica","2005",810,"sudafrica"
"Togo","2005",335,"togo"
"Túnez","2005",1566,"tunez"
"Resto de Africa","2005",2910,"resto de africa"
"AMÉRICA","2005",1474493,"amarica"
"AMÉRICA CENTRAL Y CARIBE","2005",119985,"amarica central y caribe"
"Costa Rica","2005",1232,"costa rica"
"Cuba","2005",45009,"cuba"
"Dominica","2005",795,"dominica"
"El Salvador","2005",3015,"el salvador"
"Guatemala","2005",1895,"guatemala"
"Honduras","2005",7017,"honduras"
"Nicaragua","2005",1953,"nicaragua"
"Panamá","2005",1467,"panama"
"República Dominicana","2005",57134,"dominicana, rep."
"Resto de América Central y Caribe","2005",468,"resto de amarica central y caribe"
"AMÉRICA DEL NORTE","2005",51619,"amarica del norte"
"Canadá","2005",2866,"canada"
"Estados Unidos de América","2005",25831,"estados unidos de amarica"
"México","2005",22922,"maxico"
"AMÉRICA DEL SUR","2005",1302889,"amarica del sur"
"Argentina","2005",152975,"argentina"
"Bolivia","2005",97947,"bolivia"
"Brasil","2005",54115,"brasil"
"Chile","2005",35800,"chile"
"Colombia","2005",271239,"colombia"
"Ecuador","2005",497799,"ecuador"
"Paraguay","2005",16295,"paraguay"
"Perú","2005",85029,"peru"
"Uruguay","2005",42433,"uruguay"
"Venezuela","2005",49206,"venezuela"
"Resto de América del Sur","2005",51,"resto de amarica del sur"
"ASIA","2005",186848,"asia"
"Arabia Saudí","2005",268,"arabia sauda"
"Bangladesh","2005",4827,"bangladesh"
"China","2005",87731,"china"
"Corea","2005",3018,"corea"
"Filipinas","2005",19927,"filipinas"
"India","2005",17558,"india"
"Indonesia","2005",431,"indonesia"
"Irán","2005",2822,"iran"
"Iraq","2005",1258,"iraq"
"Israel","2005",1818,"israel"
"Japón","2005",4999,"japan"
"Jordania","2005",1297,"jordania"
"Kazajstán","2005",393,"kazajstan"
"Líbano","2005",1442,"libano"
"Nepal","2005",540,"nepal"
"Pakistán","2005",31913,"pakistan"
"Siria","2005",2579,"siria"
"Tailandia","2005",757,"tailandia"
"Vietnam","2005",363,"vietnam"
"Resto de Asia","2005",2907,"resto de asia"
"OCEANÍA","2005",2321,"oceanaa"
"Australia","2005",1635,"australia"
"Nueva Zelanda","2005",390,"nueva zelanda"
"Resto de Oceanía","2005",296,"resto de oceanaa"
"APÁTRIDAS","2005",721,"apatridas"
"TOTAL EXTRANJEROS","2004",3034326,"total extranjeros"
"EUROPA","2004",1048351,"europa"
"UNION EUROPEA","2004",589155,"union europea"
"UE(15)","2004",589155,"ue(15)"
"UE(25)","2004",636037,"ue(25)"
"UE(27)","2004",913851,"ue(27)"
"UE(28)","2004",915286,"ue(28)"
"Alemania","2004",117250,"alemania"
"Austria","2004",5883,"austria"
"Bélgica","2004",23725,"balgica"
"Bulgaria","2004",69854,"bulgaria"
"Chipre","2004",85,"chipre"
"Croacia","2004",1435,"croacia"
"Dinamarca","2004",7734,"dinamarca"
"Eslovenia","2004",340,"eslovenia"
"Estonia","2004",461,"estonia"
"Finlandia","2004",7462,"finlandia"
"Francia","2004",66858,"francia"
"Grecia","2004",1790,"grecia"
"Hungría","2004",1887,"hungraa"
"Irlanda","2004",7619,"irlanda"
"Italia","2004",77130,"italia"
"Letonia","2004",1088,"letonia"
"Lituania","2004",9355,"lituania"
"Luxemburgo","2004",390,"luxemburgo"
"Malta","2004",87,"malta"
"Países Bajos","2004",29041,"paases bajos"
"Polonia","2004",27862,"polonia"
"Portugal","2004",55769,"portugal"
"Reino Unido","2004",174810,"reino unido"
"República Checa","2004",3251,"repablica checa"
"República Eslovaca","2004",2466,"repablica eslovaca"
"Rumanía","2004",207960,"rumanaa"
"Suecia","2004",13694,"suecia"
"EUROPA NO UE(28)","2004",133065,"europa no ue(28)"
"Albania","2004",925,"albania"
"Andorra","2004",933,"andorra"
"Armenia","2004",6140,"armenia"
"Belarús","2004",2119,"belaras"
"Bosnia y Herzegovina","2004",1691,"bosnia y herzegovina"
"Georgia","2004",3903,"georgia"
"Islandia","2004",580,"islandia"
"Liechtenstein","2004",39,"liechtenstein"
"Macedonia","2004",334,"macedonia"
"Moldavia","2004",6439,"moldavia"
"Noruega","2004",10545,"noruega"
"Rusia","2004",28451,"rusia"
"Serbia y Montenegro (Antigua Yugoslavia)","2004",3384,"serbia y montenegro (antigua yugoslavia)"
"Serbia","2004",0,"serbia"
"Suiza","2004",13528,"suiza"
"Turquía","2004",1145,"turquia"
"Ucrania","2004",52748,"ucrania"
"Resto de Nacionalidades Europeas","2004",161,"resto de nacionalidades europeas"
"ÁFRICA","2004",579372,"africa"
"Angola","2004",2234,"angola"
"Argelia","2004",39425,"argelia"
"Benin","2004",234,"benin"
"Burkina Faso","2004",363,"burkina faso"
"Cabo Verde","2004",2751,"cabo verde"
"Camerún","2004",2675,"cameran"
"Congo","2004",1493,"congo"
"Costa De Marfil","2004",958,"costa de marfil"
"Egipto","2004",2076,"egipto"
"Etiopía","2004",424,"etiopaa"
"Gambia","2004",13320,"gambia"
"Ghana","2004",7118,"ghana"
"Guinea","2004",5946,"guinea"
"Guinea Ecuatorial","2004",11590,"guinea ecuatorial"
"Guinea-Bissau","2004",3374,"guinea-bissau"
"Kenia","2004",452,"kenia"
"Liberia","2004",995,"liberia"
"Mali","2004",6890,"mali"
"Marruecos","2004",420556,"marruecos"
"Mauritania","2004",7443,"mauritania"
"Nigeria","2004",20316,"nigeria"
"República Democrática del Congo","2004",859,"repablica democratica del congo"
"Senegal","2004",21465,"senegal"
"Sierra Leona","2004",1640,"sierra leona"
"Sudáfrica","2004",704,"sudafrica"
"Togo","2004",237,"togo"
"Túnez","2004",1316,"tunez"
"Resto de Africa","2004",2518,"resto de africa"
"AMÉRICA","2004",1262419,"amarica"
"AMÉRICA CENTRAL Y CARIBE","2004",101638,"amarica central y caribe"
"Costa Rica","2004",981,"costa rica"
"Cuba","2004",39674,"cuba"
"Dominica","2004",715,"dominica"
"El Salvador","2004",2522,"el salvador"
"Guatemala","2004",1551,"guatemala"
"Honduras","2004",5128,"honduras"
"Nicaragua","2004",1482,"nicaragua"
"Panamá","2004",1214,"panama"
"República Dominicana","2004",47973,"dominicana, rep."
"Resto de América Central y Caribe","2004",398,"resto de amarica central y caribe"
"AMÉRICA DEL NORTE","2004",42726,"amarica del norte"
"Canadá","2004",2429,"canada"
"Estados Unidos de América","2004",22184,"estados unidos de amarica"
"México","2004",18113,"maxico"
"AMÉRICA DEL SUR","2004",1118055,"amarica del sur"
"Argentina","2004",130851,"argentina"
"Bolivia","2004",52345,"bolivia"
"Brasil","2004",37448,"brasil"
"Chile","2004",28260,"chile"
"Colombia","2004",248894,"colombia"
"Ecuador","2004",475698,"ecuador"
"Paraguay","2004",5734,"paraguay"
"Perú","2004",68646,"peru"
"Uruguay","2004",31413,"uruguay"
"Venezuela","2004",38718,"venezuela"
"Resto de América del Sur","2004",48,"resto de amarica del sur"
"ASIA","2004",141683,"asia"
"Arabia Saudí","2004",212,"arabia sauda"
"Bangladesh","2004",3174,"bangladesh"
"China","2004",62498,"china"
"Corea","2004",2653,"corea"
"Filipinas","2004",17595,"filipinas"
"India","2004",13871,"india"
"Indonesia","2004",363,"indonesia"
"Irán","2004",2516,"iran"
"Iraq","2004",1124,"iraq"
"Israel","2004",1467,"israel"
"Japón","2004",4270,"japan"
"Jordania","2004",1105,"jordania"
"Kazajstán","2004",309,"kazajstan"
"Líbano","2004",1346,"libano"
"Nepal","2004",357,"nepal"
"Pakistán","2004",23140,"pakistan"
"Siria","2004",2195,"siria"
"Tailandia","2004",648,"tailandia"
"Vietnam","2004",329,"vietnam"
"Resto de Asia","2004",2511,"resto de asia"
"OCEANÍA","2004",1920,"oceanaa"
"Australia","2004",1364,"australia"
"Nueva Zelanda","2004",307,"nueva zelanda"
"Resto de Oceanía","2004",249,"resto de oceanaa"
"APÁTRIDAS","2004",581,"apatridas"
"TOTAL EXTRANJEROS","2003",2664168,"total extranjeros"
"EUROPA","2003",937338,"europa"
"UNION EUROPEA","2003",587686,"union europea"
"UE(15)","2003",587686,"ue(15)"
"UE(25)","2003",629358,"ue(25)"
"UE(27)","2003",819543,"ue(27)"
"UE(28)","2003",820895,"ue(28)"
"Alemania","2003",130232,"alemania"
"Austria","2003",6466,"austria"
"Bélgica","2003",25908,"balgica"
"Bulgaria","2003",52838,"bulgaria"
"Chipre","2003",110,"chipre"
"Croacia","2003",1352,"croacia"
"Dinamarca","2003",8446,"dinamarca"
"Eslovenia","2003",297,"eslovenia"
"Estonia","2003",386,"estonia"
"Finlandia","2003",8493,"finlandia"
"Francia","2003",69930,"francia"
"Grecia","2003",1593,"grecia"
"Hungría","2003",1773,"hungraa"
"Irlanda","2003",6917,"irlanda"
"Italia","2003",65396,"italia"
"Letonia","2003",850,"letonia"
"Lituania","2003",7969,"lituania"
"Luxemburgo","2003",459,"luxemburgo"
"Malta","2003",91,"malta"
"Países Bajos","2003",30321,"paases bajos"
"Polonia","2003",24897,"polonia"
"Portugal","2003",56672,"portugal"
"Reino Unido","2003",161507,"reino unido"
"República Checa","2003",3135,"repablica checa"
"República Eslovaca","2003",2164,"repablica eslovaca"
"Rumanía","2003",137347,"rumanaa"
"Suecia","2003",15346,"suecia"
"EUROPA NO UE(28)","2003",116443,"europa no ue(28)"
"Albania","2003",777,"albania"
"Andorra","2003",949,"andorra"
"Armenia","2003",5008,"armenia"
"Belarús","2003",1579,"belaras"
"Bosnia y Herzegovina","2003",1823,"bosnia y herzegovina"
"Georgia","2003",2907,"georgia"
"Islandia","2003",603,"islandia"
"Liechtenstein","2003",51,"liechtenstein"
"Macedonia","2003",332,"macedonia"
"Moldavia","2003",4572,"moldavia"
"Noruega","2003",11304,"noruega"
"Rusia","2003",23748,"rusia"
"Serbia y Montenegro (Antigua Yugoslavia)","2003",3821,"serbia y montenegro (antigua yugoslavia)"
"Serbia","2003",0,"serbia"
"Suiza","2003",15611,"suiza"
"Turquía","2003",1067,"turquia"
"Ucrania","2003",42098,"ucrania"
"Resto de Nacionalidades Europeas","2003",193,"resto de nacionalidades europeas"
"ÁFRICA","2003",522682,"africa"
"Angola","2003",2257,"angola"
"Argelia","2003",36301,"argelia"
"Benin","2003",197,"benin"
"Burkina Faso","2003",306,"burkina faso"
"Cabo Verde","2003",2908,"cabo verde"
"Camerún","2003",2351,"cameran"
"Congo","2003",1419,"congo"
"Costa De Marfil","2003",785,"costa de marfil"
"Egipto","2003",2098,"egipto"
"Etiopía","2003",407,"etiopaa"
"Gambia","2003",12705,"gambia"
"Ghana","2003",5264,"ghana"
"Guinea","2003",5392,"guinea"
"Guinea Ecuatorial","2003",11123,"guinea ecuatorial"
"Guinea-Bissau","2003",3048,"guinea-bissau"
"Kenia","2003",488,"kenia"
"Liberia","2003",1334,"liberia"
"Mali","2003",5300,"mali"
"Marruecos","2003",378979,"marruecos"
"Mauritania","2003",6782,"mauritania"
"Nigeria","2003",16802,"nigeria"
"República Democrática del Congo","2003",965,"repablica democratica del congo"
"Senegal","2003",18687,"senegal"
"Sierra Leona","2003",1791,"sierra leona"
"Sudáfrica","2003",724,"sudafrica"
"Togo","2003",228,"togo"
"Túnez","2003",1299,"tunez"
"Resto de Africa","2003",2742,"resto de africa"
"AMÉRICA","2003",1073527,"amarica"
"AMÉRICA CENTRAL Y CARIBE","2003",94979,"amarica central y caribe"
"Costa Rica","2003",946,"costa rica"
"Cuba","2003",38332,"cuba"
"Dominica","2003",743,"dominica"
"El Salvador","2003",2291,"el salvador"
"Guatemala","2003",1443,"guatemala"
"Honduras","2003",4091,"honduras"
"Nicaragua","2003",1337,"nicaragua"
"Panamá","2003",1098,"panama"
"República Dominicana","2003",44290,"dominicana, rep."
"Resto de América Central y Caribe","2003",408,"resto de amarica central y caribe"
"AMÉRICA DEL NORTE","2003",41398,"amarica del norte"
"Canadá","2003",2565,"canada"
"Estados Unidos de América","2003",23398,"estados unidos de amarica"
"México","2003",15435,"maxico"
"AMÉRICA DEL SUR","2003",937150,"amarica del sur"
"Argentina","2003",109445,"argentina"
"Bolivia","2003",28432,"bolivia"
"Brasil","2003",31270,"brasil"
"Chile","2003",23911,"chile"
"Colombia","2003",244684,"colombia"
"Ecuador","2003",390297,"ecuador"
"Paraguay","2003",2536,"paraguay"
"Perú","2003",55915,"peru"
"Uruguay","2003",20889,"uruguay"
"Venezuela","2003",29716,"venezuela"
"Resto de América del Sur","2003",55,"resto de amarica del sur"
"ASIA","2003",127885,"asia"
"Arabia Saudí","2003",208,"arabia sauda"
"Bangladesh","2003",2656,"bangladesh"
"China","2003",51228,"china"
"Corea","2003",2886,"corea"
"Filipinas","2003",17840,"filipinas"
"India","2003",12657,"india"
"Indonesia","2003",401,"indonesia"
"Irán","2003",2865,"iran"
"Iraq","2003",1346,"iraq"
"Israel","2003",1322,"israel"
"Japón","2003",4520,"japan"
"Jordania","2003",1200,"jordania"
"Kazajstán","2003",260,"kazajstan"
"Líbano","2003",1483,"libano"
"Nepal","2003",213,"nepal"
"Pakistán","2003",21011,"pakistan"
"Siria","2003",2266,"siria"
"Tailandia","2003",592,"tailandia"
"Vietnam","2003",324,"vietnam"
"Resto de Asia","2003",2607,"resto de asia"
"OCEANÍA","2003",2105,"oceanaa"
"Australia","2003",1498,"australia"
"Nueva Zelanda","2003",329,"nueva zelanda"
"Resto de Oceanía","2003",278,"resto de oceanaa"
"APÁTRIDAS","2003",631,"apatridas"
"TOTAL EXTRANJEROS","2002",1977946,"total extranjeros"
"EUROPA","2002",701947,"europa"
"UNION EUROPEA","2002",489814,"union europea"
"UE(15)","2002",489814,"ue(15)"
"UE(25)","2002",519997,"ue(25)"
"UE(27)","2002",617017,"ue(27)"
"UE(28)","2002",618098,"ue(28)"
"Alemania","2002",113808,"alemania"
"Austria","2002",5562,"austria"
"Bélgica","2002",22944,"balgica"
"Bulgaria","2002",29741,"bulgaria"
"Chipre","2002",109,"chipre"
"Croacia","2002",1081,"croacia"
"Dinamarca","2002",7570,"dinamarca"
"Eslovenia","2002",238,"eslovenia"
"Estonia","2002",223,"estonia"
"Finlandia","2002",7274,"finlandia"
"Francia","2002",59811,"francia"
"Grecia","2002",1211,"grecia"
"Hungría","2002",1343,"hungraa"
"Irlanda","2002",5184,"irlanda"
"Italia","2002",46221,"italia"
"Letonia","2002",528,"letonia"
"Lituania","2002",4959,"lituania"
"Luxemburgo","2002",402,"luxemburgo"
"Malta","2002",76,"malta"
"Países Bajos","2002",26392,"paases bajos"
"Polonia","2002",18818,"polonia"
"Portugal","2002",52055,"portugal"
"Reino Unido","2002",128121,"reino unido"
"República Checa","2002",2420,"repablica checa"
"República Eslovaca","2002",1469,"repablica eslovaca"
"Rumanía","2002",67279,"rumanaa"
"Suecia","2002",13259,"suecia"
"EUROPA NO UE(28)","2002",83849,"europa no ue(28)"
"Albania","2002",625,"albania"
"Andorra","2002",846,"andorra"
"Armenia","2002",3621,"armenia"
"Belarús","2002",915,"belaras"
"Bosnia y Herzegovina","2002",1609,"bosnia y herzegovina"
"Georgia","2002",1772,"georgia"
"Islandia","2002",443,"islandia"
"Liechtenstein","2002",43,"liechtenstein"
"Macedonia","2002",265,"macedonia"
"Moldavia","2002",2624,"moldavia"
"Noruega","2002",9018,"noruega"
"Rusia","2002",16789,"rusia"
"Serbia y Montenegro (Antigua Yugoslavia)","2002",3507,"serbia y montenegro (antigua yugoslavia)"
"Serbia","2002",0,"serbia"
"Suiza","2002",14407,"suiza"
"Turquía","2002",883,"turquia"
"Ucrania","2002",26278,"ucrania"
"Resto de Nacionalidades Europeas","2002",204,"resto de nacionalidades europeas"
"ÁFRICA","2002",423043,"africa"
"Angola","2002",1976,"angola"
"Argelia","2002",28921,"argelia"
"Benin","2002",155,"benin"
"Burkina Faso","2002",231,"burkina faso"
"Cabo Verde","2002",2765,"cabo verde"
"Camerún","2002",1895,"cameran"
"Congo","2002",1151,"congo"
"Costa De Marfil","2002",565,"costa de marfil"
"Egipto","2002",1703,"egipto"
"Etiopía","2002",356,"etiopaa"
"Gambia","2002",11034,"gambia"
"Ghana","2002",3598,"ghana"
"Guinea","2002",4547,"guinea"
"Guinea Ecuatorial","2002",9759,"guinea ecuatorial"
"Guinea-Bissau","2002",2684,"guinea-bissau"
"Kenia","2002",421,"kenia"
"Liberia","2002",1385,"liberia"
"Mali","2002",3829,"mali"
"Marruecos","2002",307458,"marruecos"
"Mauritania","2002",5168,"mauritania"
"Nigeria","2002",12254,"nigeria"
"República Democrática del Congo","2002",969,"repablica democratica del congo"
"Senegal","2002",14459,"senegal"
"Sierra Leona","2002",1478,"sierra leona"
"Sudáfrica","2002",607,"sudafrica"
"Togo","2002",164,"togo"
"Túnez","2002",1080,"tunez"
"Resto de Africa","2002",2431,"resto de africa"
"AMÉRICA","2002",752563,"amarica"
"AMÉRICA CENTRAL Y CARIBE","2002",79004,"amarica central y caribe"
"Costa Rica","2002",671,"costa rica"
"Cuba","2002",31832,"cuba"
"Dominica","2002",755,"dominica"
"El Salvador","2002",1769,"el salvador"
"Guatemala","2002",1057,"guatemala"
"Honduras","2002",2856,"honduras"
"Nicaragua","2002",1076,"nicaragua"
"Panamá","2002",798,"panama"
"República Dominicana","2002",37830,"dominicana, rep."
"Resto de América Central y Caribe","2002",360,"resto de amarica central y caribe"
"AMÉRICA DEL NORTE","2002",32350,"amarica del norte"
"Canadá","2002",2157,"canada"
"Estados Unidos de América","2002",19946,"estados unidos de amarica"
"México","2002",10247,"maxico"
"AMÉRICA DEL SUR","2002",641209,"amarica del sur"
"Argentina","2002",56714,"argentina"
"Bolivia","2002",13517,"bolivia"
"Brasil","2002",23719,"brasil"
"Chile","2002",16949,"chile"
"Colombia","2002",191018,"colombia"
"Ecuador","2002",259522,"ecuador"
"Paraguay","2002",1365,"paraguay"
"Perú","2002",44752,"peru"
"Uruguay","2002",11352,"uruguay"
"Venezuela","2002",22257,"venezuela"
"Resto de América del Sur","2002",44,"resto de amarica del sur"
"ASIA","2002",98058,"asia"
"Arabia Saudí","2002",161,"arabia sauda"
"Bangladesh","2002",1933,"bangladesh"
"China","2002",37651,"china"
"Corea","2002",2622,"corea"
"Filipinas","2002",15017,"filipinas"
"India","2002",10007,"india"
"Indonesia","2002",351,"indonesia"
"Irán","2002",2689,"iran"
"Iraq","2002",1289,"iraq"
"Israel","2002",933,"israel"
"Japón","2002",3665,"japan"
"Jordania","2002",1076,"jordania"
"Kazajstán","2002",167,"kazajstan"
"Líbano","2002",1417,"libano"
"Nepal","2002",122,"nepal"
"Pakistán","2002",13971,"pakistan"
"Siria","2002",2019,"siria"
"Tailandia","2002",515,"tailandia"
"Vietnam","2002",331,"vietnam"
"Resto de Asia","2002",2122,"resto de asia"
"OCEANÍA","2002",1746,"oceanaa"
"Australia","2002",1252,"australia"
"Nueva Zelanda","2002",258,"nueva zelanda"
"Resto de Oceanía","2002",236,"resto de oceanaa"
"APÁTRIDAS","2002",587,"apatridas"
"TOTAL EXTRANJEROS","2001",1370657,"total extranjeros"
"EUROPA","2001",534130,"europa"
"UNION EUROPEA","2001",417311,"union europea"
"UE(15)","2001",417311,"ue(15)"
"UE(25)","2001",436763,"ue(25)"
"UE(27)","2001",480439,"ue(27)"
"UE(28)","2001",481228,"ue(28)"
"Alemania","2001",99217,"alemania"
"Austria","2001",4774,"austria"
"Bélgica","2001",19869,"balgica"
"Bulgaria","2001",12035,"bulgaria"
"Chipre","2001",103,"chipre"
"Croacia","2001",789,"croacia"
"Dinamarca","2001",6760,"dinamarca"
"Eslovenia","2001",178,"eslovenia"
"Estonia","2001",104,"estonia"
"Finlandia","2001",6289,"finlandia"
"Francia","2001",51582,"francia"
"Grecia","2001",1005,"grecia"
"Hungría","2001",912,"hungraa"
"Irlanda","2001",4093,"irlanda"
"Italia","2001",34689,"italia"
"Letonia","2001",210,"letonia"
"Lituania","2001",1847,"lituania"
"Luxemburgo","2001",360,"luxemburgo"
"Malta","2001",65,"malta"
"Países Bajos","2001",23146,"paases bajos"
"Polonia","2001",13469,"polonia"
"Portugal","2001",47064,"portugal"
"Reino Unido","2001",107326,"reino unido"
"República Checa","2001",1696,"repablica checa"
"República Eslovaca","2001",868,"repablica eslovaca"
"Rumanía","2001",31641,"rumanaa"
"Suecia","2001",11137,"suecia"
"EUROPA NO UE(28)","2001",52902,"europa no ue(28)"
"Albania","2001",440,"albania"
"Andorra","2001",774,"andorra"
"Armenia","2001",2456,"armenia"
"Belarús","2001",406,"belaras"
"Bosnia y Herzegovina","2001",1382,"bosnia y herzegovina"
"Georgia","2001",878,"georgia"
"Islandia","2001",303,"islandia"
"Liechtenstein","2001",38,"liechtenstein"
"Macedonia","2001",175,"macedonia"
"Moldavia","2001",1228,"moldavia"
"Noruega","2001",7088,"noruega"
"Rusia","2001",10047,"rusia"
"Serbia y Montenegro (Antigua Yugoslavia)","2001",3071,"serbia y montenegro (antigua yugoslavia)"
"Serbia","2001",0,"serbia"
"Suiza","2001",13387,"suiza"
"Turquía","2001",727,"turquia"
"Ucrania","2001",10318,"ucrania"
"Resto de Nacionalidades Europeas","2001",184,"resto de nacionalidades europeas"
"ÁFRICA","2001",317241,"africa"
"Angola","2001",1694,"angola"
"Argelia","2001",18265,"argelia"
"Benin","2001",89,"benin"
"Burkina Faso","2001",137,"burkina faso"
"Cabo Verde","2001",2536,"cabo verde"
"Camerún","2001",1415,"cameran"
"Congo","2001",907,"congo"
"Costa De Marfil","2001",407,"costa de marfil"
"Egipto","2001",1274,"egipto"
"Etiopía","2001",284,"etiopaa"
"Gambia","2001",9235,"gambia"
"Ghana","2001",2321,"ghana"
"Guinea","2001",3588,"guinea"
"Guinea Ecuatorial","2001",8188,"guinea ecuatorial"
"Guinea-Bissau","2001",2179,"guinea-bissau"
"Kenia","2001",347,"kenia"
"Liberia","2001",1290,"liberia"
"Mali","2001",2449,"mali"
"Marruecos","2001",233415,"marruecos"
"Mauritania","2001",3598,"mauritania"
"Nigeria","2001",7598,"nigeria"
"República Democrática del Congo","2001",913,"repablica democratica del congo"
"Senegal","2001",10627,"senegal"
"Sierra Leona","2001",1000,"sierra leona"
"Sudáfrica","2001",480,"sudafrica"
"Togo","2001",115,"togo"
"Túnez","2001",814,"tunez"
"Resto de Africa","2001",2076,"resto de africa"
"AMÉRICA","2001",442888,"amarica"
"AMÉRICA CENTRAL Y CARIBE","2001",62769,"amarica central y caribe"
"Costa Rica","2001",517,"costa rica"
"Cuba","2001",24534,"cuba"
"Dominica","2001",690,"dominica"
"El Salvador","2001",1313,"el salvador"
"Guatemala","2001",795,"guatemala"
"Honduras","2001",1974,"honduras"
"Nicaragua","2001",863,"nicaragua"
"Panamá","2001",627,"panama"
"República Dominicana","2001",31153,"dominicana, rep."
"Resto de América Central y Caribe","2001",303,"resto de amarica central y caribe"
"AMÉRICA DEL NORTE","2001",26764,"amarica del norte"
"Canadá","2001",1834,"canada"
"Estados Unidos de América","2001",17457,"estados unidos de amarica"
"México","2001",7473,"maxico"
"AMÉRICA DEL SUR","2001",353355,"amarica del sur"
"Argentina","2001",32429,"argentina"
"Bolivia","2001",6619,"bolivia"
"Brasil","2001",17078,"brasil"
"Chile","2001",11674,"chile"
"Colombia","2001",87209,"colombia"
"Ecuador","2001",139022,"ecuador"
"Paraguay","2001",928,"paraguay"
"Perú","2001",34975,"peru"
"Uruguay","2001",6828,"uruguay"
"Venezuela","2001",16549,"venezuela"
"Resto de América del Sur","2001",44,"resto de amarica del sur"
"ASIA","2001",74413,"asia"
"Arabia Saudí","2001",159,"arabia sauda"
"Bangladesh","2001",1167,"bangladesh"
"China","2001",27574,"china"
"Corea","2001",2363,"corea"
"Filipinas","2001",12780,"filipinas"
"India","2001",7996,"india"
"Indonesia","2001",308,"indonesia"
"Irán","2001",2427,"iran"
"Iraq","2001",1116,"iraq"
"Israel","2001",708,"israel"
"Japón","2001",3142,"japan"
"Jordania","2001",921,"jordania"
"Kazajstán","2001",78,"kazajstan"
"Líbano","2001",1263,"libano"
"Nepal","2001",72,"nepal"
"Pakistán","2001",8274,"pakistan"
"Siria","2001",1623,"siria"
"Tailandia","2001",439,"tailandia"
"Vietnam","2001",325,"vietnam"
"Resto de Asia","2001",1678,"resto de asia"
"OCEANÍA","2001",1472,"oceanaa"
"Australia","2001",1099,"australia"
"Nueva Zelanda","2001",211,"nueva zelanda"
"Resto de Oceanía","2001",162,"resto de oceanaa"
"APÁTRIDAS","2001",508,"apatridas"
"TOTAL EXTRANJEROS","2000",923879,"total extranjeros"
"EUROPA","2000",430370,"europa"
"UNION EUROPEA","2000",375486,"union europea"
"UE(15)","2000",375486,"ue(15)"
"UE(25)","2000",386195,"ue(25)"
"UE(27)","2000",395636,"ue(27)"
"UE(28)","2000",396187,"ue(28)"
"Alemania","2000",88651,"alemania"
"Austria","2000",4088,"austria"
"Bélgica","2000",18271,"balgica"
"Bulgaria","2000",3031,"bulgaria"
"Chipre","2000",89,"chipre"
"Croacia","2000",551,"croacia"
"Dinamarca","2000",6174,"dinamarca"
"Eslovenia","2000",103,"eslovenia"
"Estonia","2000",61,"estonia"
"Finlandia","2000",5421,"finlandia"
"Francia","2000",46375,"francia"
"Grecia","2000",867,"grecia"
"Hungría","2000",607,"hungraa"
"Irlanda","2000",3413,"irlanda"
"Italia","2000",27874,"italia"
"Letonia","2000",79,"letonia"
"Lituania","2000",168,"lituania"
"Luxemburgo","2000",354,"luxemburgo"
"Malta","2000",63,"malta"
"Países Bajos","2000",21763,"paases bajos"
"Polonia","2000",8164,"polonia"
"Portugal","2000",43339,"portugal"
"Reino Unido","2000",99017,"reino unido"
"República Checa","2000",1034,"repablica checa"
"República Eslovaca","2000",341,"repablica eslovaca"
"Rumanía","2000",6410,"rumanaa"
"Suecia","2000",9879,"suecia"
"EUROPA NO UE(28)","2000",34183,"europa no ue(28)"
"Albania","2000",298,"albania"
"Andorra","2000",759,"andorra"
"Armenia","2000",1058,"armenia"
"Belarús","2000",214,"belaras"
"Bosnia y Herzegovina","2000",1178,"bosnia y herzegovina"
"Georgia","2000",360,"georgia"
"Islandia","2000",243,"islandia"
"Liechtenstein","2000",33,"liechtenstein"
"Macedonia","2000",103,"macedonia"
"Moldavia","2000",158,"moldavia"
"Noruega","2000",6227,"noruega"
"Rusia","2000",5199,"rusia"
"Serbia y Montenegro (Antigua Yugoslavia)","2000",2609,"serbia y montenegro (antigua yugoslavia)"
"Serbia","2000",0,"serbia"
"Suiza","2000",13344,"suiza"
"Turquía","2000",527,"turquia"
"Ucrania","2000",1646,"ucrania"
"Resto de Nacionalidades Europeas","2000",227,"resto de nacionalidades europeas"
"ÁFRICA","2000",228972,"africa"
"Angola","2000",1368,"angola"
"Argelia","2000",10759,"argelia"
"Benin","2000",43,"benin"
"Burkina Faso","2000",99,"burkina faso"
"Cabo Verde","2000",2445,"cabo verde"
"Camerún","2000",953,"cameran"
"Congo","2000",499,"congo"
"Costa De Marfil","2000",228,"costa de marfil"
"Egipto","2000",1016,"egipto"
"Etiopía","2000",195,"etiopaa"
"Gambia","2000",7923,"gambia"
"Ghana","2000",1149,"ghana"
"Guinea","2000",2716,"guinea"
"Guinea Ecuatorial","2000",5916,"guinea ecuatorial"
"Guinea-Bissau","2000",1229,"guinea-bissau"
"Kenia","2000",274,"kenia"
"Liberia","2000",1056,"liberia"
"Mali","2000",1317,"mali"
"Marruecos","2000",173158,"marruecos"
"Mauritania","2000",1815,"mauritania"
"Nigeria","2000",3320,"nigeria"
"República Democrática del Congo","2000",835,"repablica democratica del congo"
"Senegal","2000",7256,"senegal"
"Sierra Leona","2000",565,"sierra leona"
"Sudáfrica","2000",429,"sudafrica"
"Togo","2000",81,"togo"
"Túnez","2000",666,"tunez"
"Resto de Africa","2000",1662,"resto de africa"
"AMÉRICA","2000",206835,"amarica"
"AMÉRICA CENTRAL Y CARIBE","2000",48047,"amarica central y caribe"
"Costa Rica","2000",411,"costa rica"
"Cuba","2000",17814,"cuba"
"Dominica","2000",586,"dominica"
"El Salvador","2000",1024,"el salvador"
"Guatemala","2000",574,"guatemala"
"Honduras","2000",1293,"honduras"
"Nicaragua","2000",700,"nicaragua"
"Panamá","2000",522,"panama"
"República Dominicana","2000",24847,"dominicana, rep."
"Resto de América Central y Caribe","2000",276,"resto de amarica central y caribe"
"AMÉRICA DEL NORTE","2000",22884,"amarica del norte"
"Canadá","2000",1654,"canada"
"Estados Unidos de América","2000",15720,"estados unidos de amarica"
"México","2000",5510,"maxico"
"AMÉRICA DEL SUR","2000",135904,"amarica del sur"
"Argentina","2000",23351,"argentina"
"Bolivia","2000",2117,"bolivia"
"Brasil","2000",11126,"brasil"
"Chile","2000",8203,"chile"
"Colombia","2000",25247,"colombia"
"Ecuador","2000",20481,"ecuador"
"Paraguay","2000",711,"paraguay"
"Perú","2000",27422,"peru"
"Uruguay","2000",5092,"uruguay"
"Venezuela","2000",12119,"venezuela"
"Resto de América del Sur","2000",35,"resto de amarica del sur"
"ASIA","2000",56017,"asia"
"Arabia Saudí","2000",137,"arabia sauda"
"Bangladesh","2000",624,"bangladesh"
"China","2000",19191,"china"
"Corea","2000",2111,"corea"
"Filipinas","2000",10950,"filipinas"
"India","2000",6807,"india"
"Indonesia","2000",271,"indonesia"
"Irán","2000",2138,"iran"
"Iraq","2000",891,"iraq"
"Israel","2000",580,"israel"
"Japón","2000",2704,"japan"
"Jordania","2000",814,"jordania"
"Kazajstán","2000",32,"kazajstan"
"Líbano","2000",1137,"libano"
"Nepal","2000",47,"nepal"
"Pakistán","2000",4195,"pakistan"
"Siria","2000",1311,"siria"
"Tailandia","2000",373,"tailandia"
"Vietnam","2000",333,"vietnam"
"Resto de Asia","2000",1371,"resto de asia"
"OCEANÍA","2000",1264,"oceanaa"
"Australia","2000",1009,"australia"
"Nueva Zelanda","2000",172,"nueva zelanda"
"Resto de Oceanía","2000",83,"resto de oceanaa"
"APÁTRIDAS","2000",413,"apatridas"
"TOTAL EXTRANJEROS","1999",748954,"total extranjeros"
"EUROPA","1999",371270,"europa"
"UNION EUROPEA","1999",329529,"union europea"
"UE(15)","1999",329529,"ue(15)"
"UE(25)","1999",337959,"ue(25)"
"UE(27)","1999",342937,"ue(27)"
"UE(28)","1999",343350,"ue(28)"
"Alemania","1999",75618,"alemania"
"Austria","1999",3388,"austria"
"Bélgica","1999",15796,"balgica"
"Bulgaria","1999",1831,"bulgaria"
"Chipre","1999",88,"chipre"
"Croacia","1999",413,"croacia"
"Dinamarca","1999",5565,"dinamarca"
"Eslovenia","1999",62,"eslovenia"
"Estonia","1999",39,"estonia"
"Finlandia","1999",4417,"finlandia"
"Francia","1999",40885,"francia"
"Grecia","1999",761,"grecia"
"Hungría","1999",481,"hungraa"
"Irlanda","1999",2981,"irlanda"
"Italia","1999",23789,"italia"
"Letonia","1999",49,"letonia"
"Lituania","1999",90,"lituania"
"Luxemburgo","1999",318,"luxemburgo"
"Malta","1999",71,"malta"
"Países Bajos","1999",19113,"paases bajos"
"Polonia","1999",6565,"polonia"
"Portugal","1999",39426,"portugal"
"Reino Unido","1999",89105,"reino unido"
"República Checa","1999",771,"repablica checa"
"República Eslovaca","1999",214,"repablica eslovaca"
"Rumanía","1999",3147,"rumanaa"
"Suecia","1999",8367,"suecia"
"EUROPA NO UE(28)","1999",27920,"europa no ue(28)"
"Albania","1999",246,"albania"
"Andorra","1999",703,"andorra"
"Armenia","1999",567,"armenia"
"Belarús","1999",106,"belaras"
"Bosnia y Herzegovina","1999",1024,"bosnia y herzegovina"
"Georgia","1999",236,"georgia"
"Islandia","1999",206,"islandia"
"Liechtenstein","1999",25,"liechtenstein"
"Macedonia","1999",66,"macedonia"
"Moldavia","1999",44,"moldavia"
"Noruega","1999",5311,"noruega"
"Rusia","1999",3416,"rusia"
"Serbia y Montenegro (Antigua Yugoslavia)","1999",1739,"serbia y montenegro (antigua yugoslavia)"
"Serbia","1999",0,"serbia"
"Suiza","1999",12842,"suiza"
"Turquía","1999",444,"turquia"
"Ucrania","1999",722,"ucrania"
"Resto de Nacionalidades Europeas","1999",223,"resto de nacionalidades europeas"
"ÁFRICA","1999",174402,"africa"
"Angola","1999",1094,"angola"
"Argelia","1999",7637,"argelia"
"Benin","1999",33,"benin"
"Burkina Faso","1999",76,"burkina faso"
"Cabo Verde","1999",2273,"cabo verde"
"Camerún","1999",632,"cameran"
"Congo","1999",175,"congo"
"Costa De Marfil","1999",152,"costa de marfil"
"Egipto","1999",911,"egipto"
"Etiopía","1999",140,"etiopaa"
"Gambia","1999",6655,"gambia"
"Ghana","1999",720,"ghana"
"Guinea","1999",2151,"guinea"
"Guinea Ecuatorial","1999",4621,"guinea ecuatorial"
"Guinea-Bissau","1999",846,"guinea-bissau"
"Kenia","1999",245,"kenia"
"Liberia","1999",809,"liberia"
"Mali","1999",758,"mali"
"Marruecos","1999",133002,"marruecos"
"Mauritania","1999",1101,"mauritania"
"Nigeria","1999",1230,"nigeria"
"República Democrática del Congo","1999",695,"repablica democratica del congo"
"Senegal","1999",5831,"senegal"
"Sierra Leona","1999",303,"sierra leona"
"Sudáfrica","1999",354,"sudafrica"
"Togo","1999",55,"togo"
"Túnez","1999",550,"tunez"
"Resto de Africa","1999",1353,"resto de africa"
"AMÉRICA","1999",154899,"amarica"
"AMÉRICA CENTRAL Y CARIBE","1999",37576,"amarica central y caribe"
"Costa Rica","1999",353,"costa rica"
"Cuba","1999",12919,"cuba"
"Dominica","1999",518,"dominica"
"El Salvador","1999",903,"el salvador"
"Guatemala","1999",450,"guatemala"
"Honduras","1999",980,"honduras"
"Nicaragua","1999",578,"nicaragua"
"Panamá","1999",468,"panama"
"República Dominicana","1999",20168,"dominicana, rep."
"Resto de América Central y Caribe","1999",239,"resto de amarica central y caribe"
"AMÉRICA DEL NORTE","1999",20543,"amarica del norte"
"Canadá","1999",1483,"canada"
"Estados Unidos de América","1999",14404,"estados unidos de amarica"
"México","1999",4656,"maxico"
"AMÉRICA DEL SUR","1999",96780,"amarica del sur"
"Argentina","1999",21096,"argentina"
"Bolivia","1999",1430,"bolivia"
"Brasil","1999",8332,"brasil"
"Chile","1999",7171,"chile"
"Colombia","1999",13399,"colombia"
"Ecuador","1999",7155,"ecuador"
"Paraguay","1999",611,"paraguay"
"Perú","1999",22747,"peru"
"Uruguay","1999",4609,"uruguay"
"Venezuela","1999",10194,"venezuela"
"Resto de América del Sur","1999",36,"resto de amarica del sur"
"ASIA","1999",46881,"asia"
"Arabia Saudí","1999",125,"arabia sauda"
"Bangladesh","1999",480,"bangladesh"
"China","1999",14184,"china"
"Corea","1999",1942,"corea"
"Filipinas","1999",9828,"filipinas"
"India","1999",6278,"india"
"Indonesia","1999",274,"indonesia"
"Irán","1999",2029,"iran"
"Iraq","1999",800,"iraq"
"Israel","1999",475,"israel"
"Japón","1999",2427,"japan"
"Jordania","1999",747,"jordania"
"Kazajstán","1999",20,"kazajstan"
"Líbano","1999",1080,"libano"
"Nepal","1999",35,"nepal"
"Pakistán","1999",3258,"pakistan"
"Siria","1999",1186,"siria"
"Tailandia","1999",325,"tailandia"
"Vietnam","1999",320,"vietnam"
"Resto de Asia","1999",1068,"resto de asia"
"OCEANÍA","1999",1216,"oceanaa"
"Australia","1999",1006,"australia"
"Nueva Zelanda","1999",122,"nueva zelanda"
"Resto de Oceanía","1999",88,"resto de oceanaa"
"APÁTRIDAS","1999",285,"apatridas"
"TOTAL EXTRANJEROS","1998",637085,"total extranjeros"
"EUROPA","1998",312493,"europa"
"UNION EUROPEA","1998",277844,"union europea"
"UE(15)","1998",277844,"ue(15)"
"UE(25)","1998",285271,"ue(25)"
"UE(27)","1998",288982,"ue(27)"
"UE(28)","1998",289335,"ue(28)"
"Alemania","1998",60495,"alemania"
"Austria","1998",2735,"austria"
"Bélgica","1998",12999,"balgica"
"Bulgaria","1998",1453,"bulgaria"
"Chipre","1998",131,"chipre"
"Croacia","1998",353,"croacia"
"Dinamarca","1998",5050,"dinamarca"
"Eslovenia","1998",82,"eslovenia"
"Estonia","1998",84,"estonia"
"Finlandia","1998",3524,"finlandia"
"Francia","1998",35867,"francia"
"Grecia","1998",663,"grecia"
"Hungría","1998",465,"hungraa"
"Irlanda","1998",2576,"irlanda"
"Italia","1998",19287,"italia"
"Letonia","1998",89,"letonia"
"Lituania","1998",121,"lituania"
"Luxemburgo","1998",307,"luxemburgo"
"Malta","1998",103,"malta"
"Países Bajos","1998",15798,"paases bajos"
"Polonia","1998",5521,"polonia"
"Portugal","1998",35960,"portugal"
"Reino Unido","1998",75600,"reino unido"
"República Checa","1998",638,"repablica checa"
"República Eslovaca","1998",193,"repablica eslovaca"
"Rumanía","1998",2258,"rumanaa"
"Suecia","1998",6983,"suecia"
"EUROPA NO UE(28)","1998",23158,"europa no ue(28)"
"Albania","1998",218,"albania"
"Andorra","1998",680,"andorra"
"Armenia","1998",424,"armenia"
"Belarús","1998",124,"belaras"
"Bosnia y Herzegovina","1998",917,"bosnia y herzegovina"
"Georgia","1998",142,"georgia"
"Islandia","1998",202,"islandia"
"Liechtenstein","1998",69,"liechtenstein"
"Macedonia","1998",103,"macedonia"
"Moldavia","1998",74,"moldavia"
"Noruega","1998",4369,"noruega"
"Rusia","1998",2537,"rusia"
"Serbia y Montenegro (Antigua Yugoslavia)","1998",1395,"serbia y montenegro (antigua yugoslavia)"
"Serbia","1998",0,"serbia"
"Suiza","1998",10741,"suiza"
"Turquía","1998",416,"turquia"
"Ucrania","1998",462,"ucrania"
"Resto de Nacionalidades Europeas","1998",285,"resto de nacionalidades europeas"
"ÁFRICA","1998",147876,"africa"
"Angola","1998",1040,"angola"
"Argelia","1998",5924,"argelia"
"Benin","1998",72,"benin"
"Burkina Faso","1998",98,"burkina faso"
"Cabo Verde","1998",2168,"cabo verde"
"Camerún","1998",526,"cameran"
"Congo","1998",136,"congo"
"Costa De Marfil","1998",170,"costa de marfil"
"Egipto","1998",799,"egipto"
"Etiopía","1998",178,"etiopaa"
"Gambia","1998",5462,"gambia"
"Ghana","1998",636,"ghana"
"Guinea","1998",1925,"guinea"
"Guinea Ecuatorial","1998",4150,"guinea ecuatorial"
"Guinea-Bissau","1998",745,"guinea-bissau"
"Kenia","1998",280,"kenia"
"Liberia","1998",718,"liberia"
"Mali","1998",615,"mali"
"Marruecos","1998",111043,"marruecos"
"Mauritania","1998",909,"mauritania"
"Nigeria","1998",941,"nigeria"
"República Democrática del Congo","1998",652,"repablica democratica del congo"
"Senegal","1998",4880,"senegal"
"Sierra Leona","1998",259,"sierra leona"
"Sudáfrica","1998",356,"sudafrica"
"Togo","1998",89,"togo"
"Túnez","1998",528,"tunez"
"Resto de Africa","1998",2577,"resto de africa"
"AMÉRICA","1998",132157,"amarica"
"AMÉRICA CENTRAL Y CARIBE","1998",32087,"amarica central y caribe"
"Costa Rica","1998",355,"costa rica"
"Cuba","1998",10354,"cuba"
"Dominica","1998",574,"dominica"
"El Salvador","1998",904,"el salvador"
"Guatemala","1998",452,"guatemala"
"Honduras","1998",885,"honduras"
"Nicaragua","1998",552,"nicaragua"
"Panamá","1998",498,"panama"
"República Dominicana","1998",16688,"dominicana, rep."
"Resto de América Central y Caribe","1998",825,"resto de amarica central y caribe"
"AMÉRICA DEL NORTE","1998",18358,"amarica del norte"
"Canadá","1998",1385,"canada"
"Estados Unidos de América","1998",12901,"estados unidos de amarica"
"México","1998",4072,"maxico"
"AMÉRICA DEL SUR","1998",81712,"amarica del sur"
"Argentina","1998",19315,"argentina"
"Bolivia","1998",1249,"bolivia"
"Brasil","1998",6709,"brasil"
"Chile","1998",6550,"chile"
"Colombia","1998",9997,"colombia"
"Ecuador","1998",3972,"ecuador"
"Paraguay","1998",594,"paraguay"
"Perú","1998",19757,"peru"
"Uruguay","1998",4452,"uruguay"
"Venezuela","1998",8986,"venezuela"
"Resto de América del Sur","1998",131,"resto de amarica del sur"
"ASIA","1998",42742,"asia"
"Arabia Saudí","1998",135,"arabia sauda"
"Bangladesh","1998",416,"bangladesh"
"China","1998",11611,"china"
"Corea","1998",1809,"corea"
"Filipinas","1998",8930,"filipinas"
"India","1998",5680,"india"
"Indonesia","1998",305,"indonesia"
"Irán","1998",1839,"iran"
"Iraq","1998",789,"iraq"
"Israel","1998",465,"israel"
"Japón","1998",2218,"japan"
"Jordania","1998",696,"jordania"
"Kazajstán","1998",67,"kazajstan"
"Líbano","1998",1072,"libano"
"Nepal","1998",87,"nepal"
"Pakistán","1998",2565,"pakistan"
"Siria","1998",1187,"siria"
"Tailandia","1998",333,"tailandia"
"Vietnam","1998",343,"vietnam"
"Resto de Asia","1998",2195,"resto de asia"
"OCEANÍA","1998",1563,"oceanaa"
"Australia","1998",871,"australia"
"Nueva Zelanda","1998",166,"nueva zelanda"
"Resto de Oceanía","1998",526,"resto de oceanaa"
"APÁTRIDAS","1998",259,"apatridas"
